asset_class_path,asset_count,blueprint_count,generated_class_known,parent_class_known,native_parent_class_known,confirmed_identity_count,open_identity_count
/Script/Engine.StaticMeshActor,276839,0,0,0,0,0,0
/Script/Engine.Texture2D,53776,0,0,0,0,0,0
/Script/Engine.SoundWave,35590,0,0,0,0,0,0
/Script/Engine.MaterialInstanceConstant,24168,0,0,0,0,0,0
/Script/Engine.Blueprint,22370,22370,22370,22366,16133,0,0
/Script/Engine.AnimSequence,17788,0,0,0,0,0,0
/Script/Engine.StaticMesh,17128,0,0,0,0,0,0
/Script/Engine.SoundCue,8953,0,0,0,0,0,0
/Script/Foliage.InstancedFoliageActor,7861,0,0,0,0,0,0
/Script/Engine.Material,6832,0,0,0,0,0,0
/Script/Engine.AnimMontage,6120,0,0,0,0,0,0
/Script/CoreUObject.ObjectRedirector,5682,0,0,0,0,0,0
/Script/Engine.ActorFolder,5406,0,0,0,0,0,0
/Script/UnrealEd.GroupActor,3540,0,0,0,0,0,0
/Script/Engine.ParticleSystem,3451,0,0,0,0,0,0
/Script/Engine.WorldPartitionHLOD,3415,0,0,0,0,0,0
/Script/ShooterGame.NPCZoneSpawnVolume,3328,0,0,0,0,0,0
/Script/Engine.AmbientSound,3136,0,0,0,0,0,0
/Script/Niagara.NiagaraActor,3006,0,0,0,0,0,0
/Script/ShooterGame.NPCZoneVolume,2988,0,0,0,0,0,0
/Script/Engine.MaterialFunction,2707,0,0,0,0,0,0
/Script/Engine.SkeletalMesh,2563,0,0,0,0,0,0
/Script/Engine.LevelInstance,2552,0,0,0,0,0,0
/Script/Foliage.FoliageType_InstancedStaticMesh,2395,0,0,0,0,0,0
/Script/Niagara.NiagaraSystem,2247,0,0,0,0,0,0
/Script/ShooterGame.BiomeZoneVolume,2033,0,0,0,0,0,0
/Game/PrimalEarth/CoreBlueprints/ServerSidePoint.ServerSidePoint_C,1934,0,0,0,0,0,0
/Script/Engine.Emitter,1840,0,0,0,0,0,0
/Game/Genesis/Missions/Horde/MissionServerSidePoint_HordeDinoSpawner.MissionServerSidePoint_HordeDinoSpawner_C,1780,0,0,0,0,0,0
/Script/Engine.PainCausingVolume,1763,0,0,0,0,0,0
/Game/PrimalEarth/CoreBlueprints/ServerSidePoint_Huge.ServerSidePoint_Huge_C,1543,0,0,0,0,0,0
/Script/Engine.World,1541,282,282,282,282,0,0
/Script/Engine.AnimBlueprint,1524,1524,1524,1524,1252,0,0
/Script/GeometryCollectionEngine.GeometryCollection,1416,0,0,0,0,0,0
UNKNOWN,1372,0,0,0,0,0,1372
/Script/Engine.PostProcessVolume,1330,0,0,0,0,0,0
/Game/PrimalEarth/CoreBlueprints/NPCZoneManagerBlueprint_Water.NPCZoneManagerBlueprint_Water_C,1220,0,0,0,0,0,0
/Game/PrimalEarth/CoreBlueprints/NPCZoneManagerBlueprint_Land.NPCZoneManagerBlueprint_Land_C,1093,0,0,0,0,0,0
/Script/Engine.PlayerStart,1075,0,0,0,0,0,0
/Script/Niagara.NiagaraScript,1053,0,0,0,0,0,0
/Script/Engine.PointLight,985,0,0,0,0,0,0
/Script/Engine.Skeleton,956,0,0,0,0,0,0
/Script/Landscape.LandscapeStreamingProxy,950,0,0,0,0,0,0
/Script/Engine.BlendSpace,947,0,0,0,0,0,0
/Script/Engine.PhysicsAsset,933,0,0,0,0,0,0
/Script/Engine.SkeletalMeshActor,889,0,0,0,0,0,0
/Script/UMGEditor.WidgetBlueprint,787,787,787,787,757,0,0
/Script/Engine.SpotLight,781,0,0,0,0,0,0
/Script/ShooterGame.NPCZoneManager,761,0,0,0,0,0,0
/Game/Genesis/Missions/VRBattle/MissionServerSidePoint_VRBattleSpawnPortal.MissionServerSidePoint_VRBattleSpawnPortal_C,664,0,0,0,0,0,0
/Game/LostColony/Missions/MissionServerSidePoint_ActorPreview.MissionServerSidePoint_ActorPreview_C,651,0,0,0,0,0,0
/Script/ShooterGame.StructurePreventionZoneVolume,623,0,0,0,0,0,0
/Script/Engine.DataTable,611,0,0,0,0,0,0
/Script/Engine.CurveLinearColor,548,0,0,0,0,0,0
/Script/ControlRigDeveloper.ControlRigBlueprint,537,537,537,537,537,0,0
/Script/Engine.DestructibleMesh,483,0,0,0,0,0,0
/Script/Engine.UserDefinedEnum,471,0,0,0,0,0,0
/Script/ShooterGame.MissionTrigger,401,0,0,0,0,0,0
/Game/Genesis/CoreBlueprints/Environment/LunarTeleport_TargetPoint.LunarTeleport_TargetPoint_C,392,0,0,0,0,0,0
/Game/Effects/Blueprints/BP_Waterfall_System.BP_Waterfall_System_C,381,0,0,0,0,0,0
/Script/PrimalProgressionTree.PrimalProgressionTreeAsset,379,0,0,0,0,0,0
/Script/LODRecipe.LODRecipe,366,0,0,0,0,0,0
/Script/Engine.UserDefinedStruct,351,0,0,0,0,0,0
/Game/PrimalEarth/Sound/AmbientSoundActors/BeachAmbientSound_Blueprint.BeachAmbientSound_Blueprint_C,334,0,0,0,0,0,0
/Game/Genesis/Environment/Bog/TreeRocks/GiantBranches/Instances/BPP_GiantBranch_D.BPP_GiantBranch_D_C,326,0,0,0,0,0,0
/Script/Engine.BlockingVolume,322,0,0,0,0,0,0
/Script/Engine.PhysicsVolume,307,0,0,0,0,0,0
/Game/Genesis/Structures/GasVein/LunarOxygenVent_BP.LunarOxygenVent_BP_C,304,0,0,0,0,0,0
/Script/Landscape.LandscapeGrassType,283,0,0,0,0,0,0
/Game/Genesis/Environment/Bog/TreeRocks/GiantBranches/Instances/BPP_GiantBranch_E.BPP_GiantBranch_E_C,270,0,0,0,0,0,0
/Script/Engine.AimOffsetBlendSpace,270,0,0,0,0,0,0
/Script/Engine.CurveFloat,261,0,0,0,0,0,0
/Game/Genesis/Missions/Race/MissionTrigger_RaceCheckpoint.MissionTrigger_RaceCheckpoint_C,251,0,0,0,0,0,0
/Game/Waterline/8_Ocean_Shore/BP_Shore_Capture_Masking_Proxy.BP_Shore_Capture_Masking_Proxy_C,245,0,0,0,0,0,0
/Game/Genesis/Missions/Hunt/MissionServerSidePoint_TargetLocation.MissionServerSidePoint_TargetLocation_C,228,0,0,0,0,0,0
/Script/Engine.TextureRenderTarget2D,204,0,0,0,0,0,0
/Game/ASA/Blueprints/Water_DA/Mesh/BP_WaterPlane_ASA_DA.BP_WaterPlane_ASA_DA_C,197,0,0,0,0,0,0
/Script/LevelSequence.LevelSequence,193,49,49,49,49,0,0
/Game/ASA/Blueprints/Water_DA/Phx/BP_WaterPhysics_ASA_DA.BP_WaterPhysics_ASA_DA_C,192,0,0,0,0,0,0
/Game/ASA/Blueprints/Water_DA/PP/BP_WaterPostProcess_ASA_DA.BP_WaterPostProcess_ASA_DA_C,191,0,0,0,0,0,0
/Script/Engine.Texture2DArray,187,0,0,0,0,0,0
/Game/PrimalEarth/Sound/AmbientSoundActors/ForestAmbientSound_Blueprint.ForestAmbientSound_Blueprint_C,182,0,0,0,0,0,0
/Game/PrimalEarth/Sound/AmbientSoundActors/JungleAmbientSound_Blueprint.JungleAmbientSound_Blueprint_C,178,0,0,0,0,0,0
/Game/PrimalEarth/CoreBlueprints/NPCZoneManagerBlueprint_Cave.NPCZoneManagerBlueprint_Cave_C,176,0,0,0,0,0,0
/Script/Engine.DecalActor,175,0,0,0,0,0,0
/Script/Engine.TileStreamingVolume,162,0,0,0,0,0,0
/Game/Test/Dave/Tools/EUA_AreaPoint.EUA_AreaPoint_C,161,0,0,0,0,0,0
/Script/Engine.WorldDataLayers,160,0,0,0,0,0,0
/Script/Engine.WorldPartitionMiniMap,158,0,0,0,0,0,0
/Script/BinkMediaPlayer.BinkMediaPlayer,157,0,0,0,0,0,0
/Script/Engine.LocalSkyLightOverride,155,0,0,0,0,0,0
/Script/AIModule.BehaviorTree,151,0,0,0,0,0,0
/Game/Genesis/Missions/Debugging/PointOfInterestBP_MissionStart_Debugging.PointOfInterestBP_MissionStart_Debugging_C,150,0,0,0,0,0,0
/Game/Art_Tools/Level_Tools/Flowmap/EUA_Flowmap_Spline_DA.EUA_Flowmap_Spline_DA_C,146,0,0,0,0,0,0
/Script/Niagara.NiagaraEffectType,145,0,0,0,0,0,0
/Game/ASA/Blueprints/LightingTools/DynamicTOD/BP_DynamicSpotLight.BP_DynamicSpotLight_C,136,0,0,0,0,0,0
/Game/Genesis/Environment/Sky/VolumetricClouds/Biomes/Volcano/BP_PointLight_Amber.BP_PointLight_Amber_C,136,0,0,0,0,0,0
/Script/ShooterGame.SupplyCrateSpawningVolume,136,0,0,0,0,0,0
/Game/PrimalEarth/CoreBlueprints/ExplorerChest/ExplorerChest_DinoDossiers.ExplorerChest_DinoDossiers_C,133,0,0,0,0,0,0
/Script/Landscape.LandscapeLayerInfoObject,132,0,0,0,0,0,0
/Script/Engine.LandscapeLayerInfoObject,130,0,0,0,0,0,0
/Game/Art_Tools/Level_Tools/PCG/PCG_Core/Data/PDA_PCG_Biome.PDA_PCG_Biome_C,125,0,0,0,0,0,0
/Game/Genesis/Missions/Race/MissionTrigger_RacePowerUp.MissionTrigger_RacePowerUp_C,122,0,0,0,0,0,0
/Script/Engine.LandscapeMaterialInstanceConstant,120,0,0,0,0,0,0
/DinoDefense/2DPlatformer/Environment/Fracture_Meshes/DestructibleStructures/BPStructure_Steamboat_Willie_Pillar_3.BPStructure_Steamboat_Willie_Pillar_3_C,117,0,0,0,0,0,0
/Game/Art_Tools/Level_Tools/Flowmap/EUA_Flowmap_Spline.EUA_Flowmap_Spline_C,114,0,0,0,0,0,0
/Game/Genesis/Missions/Retrieve/MissionTrigger_Retrieve_Checkpoint.MissionTrigger_Retrieve_Checkpoint_C,108,0,0,0,0,0,0
/Script/Niagara.NiagaraEmitter,106,0,0,0,0,0,0
/Game/Genesis/Environment/Bog/TreeRocks/GiantBranches/Instances/BPP_GiantBranch_C.BPP_GiantBranch_C_C,100,0,0,0,0,0,0
/Script/ShooterGame.SplineActor,99,0,0,0,0,0,0
/Game/Genesis/Missions/Gauntlet/MissionServerSidePoint_GauntletPortalSpawn.MissionServerSidePoint_GauntletPortalSpawn_C,96,0,0,0,0,0,0
/Game/Test/erikh/PCG/Biome_OceanDeep/BP_PCG_OceanDeep_Area.BP_PCG_OceanDeep_Area_C,96,0,0,0,0,0,0
/Game/EndGame/CoreBlueprints/Enviroment/BP_ArkStation_HQ_Ascension.BP_ArkStation_HQ_Ascension_C,94,0,0,0,0,0,0
/Game/PrimalEarth/Sound/AmbientSoundActors/RedwoodAmbientSound_Blueprint_Small.RedwoodAmbientSound_Blueprint_Small_C,94,0,0,0,0,0,0
/Game/Effects/Blueprints/Lava/BP_Lava_River.BP_Lava_River_C,93,0,0,0,0,0,0
/Script/ShooterGame.MissionSpline,93,0,0,0,0,0,0
/Game/PrimalEarth/Sound/AmbientSoundActors/GrasslandAmbientSound_Blueprint.GrasslandAmbientSound_Blueprint_C,90,0,0,0,0,0,0
/Game/Genesis/Environment/Lunar/Rocks/GlowRocks/BP_LunarRock_D.BP_LunarRock_D_C,88,0,0,0,0,0,0
/Script/Engine.AudioVolume,88,0,0,0,0,0,0
/Script/Blutility.EditorUtilityBlueprint,86,86,86,86,86,0,0
/Script/Engine.TextureCube,86,0,0,0,0,0,0
/Script/PCG.PCGGraph,86,0,0,0,0,0,0
/Game/Genesis/Environment/Bog/Vegetation/Trees/LargeFlower/Large_Flowers_BP.Large_Flowers_BP_C,83,0,0,0,0,0,0
/Game/PrimalEarth/Sound/AmbientSoundActors/GrasslandAmbientSound_Blueprint_Small.GrasslandAmbientSound_Blueprint_Small_C,83,0,0,0,0,0,0
/Script/Engine.MaterialParameterCollection,82,0,0,0,0,0,0
/Game/ASA/Blueprints/Water/Phx/BP_WaterPhysics_ASA.BP_WaterPhysics_ASA_C,79,0,0,0,0,0,0
/Script/Engine.PoseAsset,79,0,0,0,0,0,0
/Script/Engine.RectLight,79,0,0,0,0,0,0
/Game/ASA/Environment/TheIsland/MergedMeshes/UnderWater/BPP_Canyon_02.BPP_Canyon_02_C,78,0,0,0,0,0,0
/DinoDefense/2DPlatformer/Environment/Fracture_Meshes/DestructibleStructures/BPStructure_Steamboat_Willie_Dock.BPStructure_Steamboat_Willie_Dock_C,77,0,0,0,0,0,0
/Game/Genesis/Sound/Environment/Volcanic/VolcanoAmbientSound_Blueprint_Small.VolcanoAmbientSound_Blueprint_Small_C,77,0,0,0,0,0,0
/Game/PrimalEarth/Sound/AmbientSoundActors/ForestAmbientSound_Blueprint_Small.ForestAmbientSound_Blueprint_Small_C,77,0,0,0,0,0,0
/Script/CoreUObject.UserDefinedStruct,76,0,0,0,0,0,0
/Game/Genesis/Missions/MissionTrigger_SpawningCheckpoint.MissionTrigger_SpawningCheckpoint_C,74,0,0,0,0,0,0
/Script/Engine.MaterialFunctionMaterialLayerInstance,74,0,0,0,0,0,0
/Game/Genesis/CoreBlueprints/Environment/Hazards/Slides/HazardTrigger_Slide.HazardTrigger_Slide_C,73,0,0,0,0,0,0
/Game/Genesis/Environment/Bog/TreeRocks/GiantBranches/Instances/BPP_GiantBranch_A.BPP_GiantBranch_A_C,73,0,0,0,0,0,0
/Game/Genesis/Environment/Lunar/Rocks/GlowRocks/BP_LunarRock_E.BP_LunarRock_E_C,73,0,0,0,0,0,0
/Game/Genesis/CoreBlueprints/Buffs/Buff_Hazard_BubbleBox.Buff_Hazard_BubbleBox_C,71,0,0,0,0,0,0
/DinoDefense/2DPlatformer/Environment/Fracture_Meshes/BP_Steamboat_Willie_Pillar_3.BP_Steamboat_Willie_Pillar_3_C,70,0,0,0,0,0,0
/Game/Effects/Blueprints/BP_mist_Lit_still.BP_mist_Lit_still_C,70,0,0,0,0,0,0
/Game/Genesis/Missions/Hunt/MissionServerSidePoint_HuntSpawnLocation.MissionServerSidePoint_HuntSpawnLocation_C,69,0,0,0,0,0,0
/Script/Engine.FontFace,69,0,0,0,0,0,0
/Script/Engine.MaterialFunctionMaterialLayer,69,0,0,0,0,0,0
/Script/ShooterGame.PrimalCameraProbeActor,69,0,0,0,0,0,0
/Game/PrimalEarth/Sound/AmbientSoundActors/SnowForestAmbientSound_Blueprint.SnowForestAmbientSound_Blueprint_C,66,0,0,0,0,0,0
/Script/ShooterGame.MissionServerSidePoint,65,0,0,0,0,0,0
/Game/ASA/Blueprints/LightingTools/DynamicTOD/BP_DynamicSkylightGeo.BP_DynamicSkylightGeo_C,63,0,0,0,0,0,0
/Script/Engine.DataLayerAsset,62,0,0,0,0,0,0
/Script/Engine.Font,61,0,0,0,0,0,0
/Script/ShooterGame.TogglePainVolume,61,0,0,0,0,0,0
/Game/Genesis/Missions/GauntletWaves/MIssionTrigger_WeaponPowerup.MissionTrigger_WeaponPowerup_C,60,0,0,0,0,0,0
/Script/Engine.HLODLayer,55,0,0,0,0,0,0
/Game/ASA/Blueprints/Water/Mesh/BP_WaterPlane_ASA_FogCube_Cave.BP_WaterPlane_ASA_FogCube_Cave_C,54,0,0,0,0,0,0
/Game/ASA/Environment/TheIsland/MergedMeshes/UnderWater/BPP_Canyon_01.BPP_Canyon_01_C,52,0,0,0,0,0,0
/Game/PrimalEarth/Sound/AmbientSoundActors/JungleAmbientSound_Blueprint_Small.JungleAmbientSound_Blueprint_Small_C,52,0,0,0,0,0,0
/Game/WeatherSystem/WeatherPresets/BP_WeatherPreset_Base.BP_WeatherPreset_Base_C,52,0,0,0,0,0,0
/Script/Engine.ExponentialHeightFog,52,0,0,0,0,0,0
/Game/Genesis/CoreBlueprints/Environment/Hazards/Slides/HazardTrigger_Avalanche.HazardTrigger_Avalanche_C,51,0,0,0,0,0,0
/Script/Blutility.EditorUtilityWidgetBlueprint,51,51,51,51,51,0,0
/Game/PrimalEarth/Sound/AmbientSoundActors/SwampAmbientSound_Blueprint.SwampAmbientSound_Blueprint_C,50,0,0,0,0,0,0
/Script/Landscape.Landscape,49,0,0,0,0,0,0
/Game/ASA/Environment/TheIsland/MergedMeshes/UnderWater/BPP_Rock_Formation_03.BPP_Rock_Formation_03_C,48,0,0,0,0,0,0
/Script/FoliageEdit.FoliageSelectOverrides,48,0,0,0,0,0,0
/Game/Genesis/Missions/MissionDispatcher_MultiUsePylon.MissionDispatcher_MultiUsePylon_C,46,0,0,0,0,0,0
/Script/Engine.SoundClass,46,0,0,0,0,0,0
/Game/ASA/Blueprints/Water_DA/Presets/BC_WaterPreset.BC_WaterPreset_C,45,0,0,0,0,0,0
/Game/UltraDynamicSky/Blueprints/Weather_Effects/System/UDS_Weather_Settings.UDS_Weather_Settings_C,45,0,0,0,0,0,0
/Script/MetasoundEngine.MetaSoundSource,45,0,0,0,0,0,0
/Script/Engine.BlendSpace1D,43,0,0,0,0,0,0
/Script/Engine.TextureRenderTargetVolume,43,0,0,0,0,0,0
/Script/LevelSequence.LevelSequenceActor,42,0,0,0,0,0,0
/Script/Engine.VolumeTexture,41,0,0,0,0,0,0
/Game/ASA/Blueprints/Water/Mesh/BP_WaterPlane_ASA_FogCube.BP_WaterPlane_ASA_FogCube_C,40,0,0,0,0,0,0
/Game/ASA/Blueprints/Water/PP/BP_WaterPostProcess_ASA.BP_WaterPostProcess_ASA_C,40,0,0,0,0,0,0
/Game/ASA/Environment/TheIsland/MergedMeshes/UnderWater/BPP_Rock_Formation_04.BPP_Rock_Formation_04_C,40,0,0,0,0,0,0
/Game/ASA/Blueprints/Water/PP/BP_WaterPostProcess_ASA_Cave.BP_WaterPostProcess_ASA_Cave_C,39,0,0,0,0,0,0
/Game/PrimalEarth/Effects/Blueprints/BP_ElementalDisturbance_NoEnablingActor_Column.BP_ElementalDisturbance_NoEnablingActor_Column_C,39,0,0,0,0,0,0
/Script/Engine.SoundAttenuation,39,0,0,0,0,0,0
/Script/ShooterGame.VRBattleGroupDataAsset,39,0,0,0,0,0,0
/Game/ASA/Environment/TheIsland/MergedMeshes/UnderWater/BPP_Rock_Formation_02.BPP_Rock_Formation_02_C,38,0,0,0,0,0,0
/Game/ASA/Blueprints/LightingTools/DynamicTOD/BP_DynamicPointLight.BP_DynamicPointLight_C,37,0,0,0,0,0,0
/Game/ASA/Environment/TheIsland/MergedMeshes/UnderWater/BPP_Canyon_03.BPP_Canyon_03_C,37,0,0,0,0,0,0
/Game/PrimalEarth/Sound/AmbientSoundActors/BeachAmbientSound_Blueprint_Small.BeachAmbientSound_Blueprint_Small_C,37,0,0,0,0,0,0
/Game/Waterline/8_Ocean_Shore/BP_Shore_Manager_Gen4_ASA_IslandCapture.BP_Shore_Manager_Gen4_ASA_IslandCapture_C,37,0,0,0,0,0,0
/Script/Engine.CurveLinearColorAtlas,37,0,0,0,0,0,0
/Script/Engine.InterpData,36,0,0,0,0,0,0
/Script/Engine.VectorFieldStatic,36,0,0,0,0,0,0
/Script/PhysicsCore.PhysicalMaterial,36,0,0,0,0,0,0
/DinoDefense/2DPlatformer/SimpleAICharacter_2DPlatformer.SimpleAICharacter_2DPlatformer_C,35,0,0,0,0,0,0
/Game/Genesis/Environment/Bog/TreeRocks/TreeTrunkLightEmbedded/BP_TreeTrunk_Med_A_low.BP_TreeTrunk_Med_A_low_C,33,0,0,0,0,0,0
/Game/Genesis/Environment/Shared/Landscape/Ocean/OceanIslandDataLUT/BPU_OceanIslandDataBaker.BPU_OceanIslandDataBaker_C,33,0,0,0,0,0,0
/Game/PrimalEarth/Utilities/ScaleTool/EUA_ScaleTool.EUA_ScaleTool_C,33,0,0,0,0,0,0
/Script/Engine.ReverbEffect,33,0,0,0,0,0,0
/Game/ASA/Environment/TheIsland/MergedMeshes/UnderWater/BPP_Canyon_04.BPP_Canyon_04_C,32,0,0,0,0,0,0
/DinoDefense/2DPlatformer/Environment/Fracture_Meshes/DestructibleStructures/BPStructure_Steamboat_Willie_Barrel.BPStructure_Steamboat_Willie_Barrel_C,31,0,0,0,0,0,0
/Game/Genesis/Environment/Bog/TreeRocks/GiantBranches/Instances/BPP_GiantBranch_B.BPP_GiantBranch_B_C,31,0,0,0,0,0,0
/Game/PrimalEarth/CoreBlueprints/ExplorerChest/ExplorerChest_Li.ExplorerChest_Li_C,31,0,0,0,0,0,0
/Script/Engine.MaterialFunctionMaterialLayerBlend,31,0,0,0,0,0,0
/Game/ASA/Blueprints/LightingTools/BP_IceCavePointLight.BP_IceCavePointLight_C,30,0,0,0,0,0,0
/Game/ASA/Environment/TheIsland/Caves/LevelInstances/BPP_LightHoleRocks_EmissiveFlipped.BPP_LightHoleRocks_EmissiveFlipped_C,30,0,0,0,0,0,0
/Game/PrimalEarth/CoreBlueprints/ExplorerChest/ExplorerChest_Leddica.ExplorerChest_Leddica_C,30,0,0,0,0,0,0
/Script/Engine.SkeletalMeshLODSettings,30,0,0,0,0,0,0
/Game/Genesis/Environment/Bog/TreeRocks/TreeTrunkLightEmbedded/BP_TreeTrunk_Large_A_low.BP_TreeTrunk_Large_A_low_C,29,0,0,0,0,0,0
/Game/PrimalEarth/CoreBlueprints/ExplorerChest/ExplorerChest_Rockwell.ExplorerChest_Rockwell_C,29,0,0,0,0,0,0
/Game/Genesis/CoreBlueprints/Buffs/Buff_CycloneBox.Buff_CycloneBox_C,28,0,0,0,0,0,0
/Game/Genesis/Missions/Retrieve/MissionServerSidePoint_RetrieveItem.MissionServerSidePoint_RetrieveItem_C,28,0,0,0,0,0,0
/Script/ApexDestruction.DestructibleMesh,28,0,0,0,0,0,0
/Game/PrimalEarth/Sound/AmbientSoundActors/MountainAmbientSound_Blueprint_Medium.MountainAmbientSound_Blueprint_Medium_C,27,0,0,0,0,0,0
/Game/ASA/Environment/TheIsland/MergedMeshes/UnderWater/BPP_Rock_Formation_01.BPP_Rock_Formation_01_C,26,0,0,0,0,0,0
/DinoDefense/2DPlatformer/Environment/Fracture_Meshes/DestructibleStructures/BPStructure_Steamboat_Willie_Stairway.BPStructure_Steamboat_Willie_Stairway_C,25,0,0,0,0,0,0
/DinoDefense/2DPlatformer/Props/Turrets/BaseTurret_Platformer.BaseTurret_Platformer_C,25,0,0,0,0,0,0
/Script/AIModule.BlackboardData,25,0,0,0,0,0,0
/Script/Engine.TriggerVolume,25,0,0,0,0,0,0
/Game/ASA/Blueprints/LightingTools/VolumetricCaveFogSphere/BP_VolumetricCaveFogCube.BP_VolumetricCaveFogCube_C,24,0,0,0,0,0,0
/Game/Genesis/Lighting/TOD_Lights/BP_GEN1_TOD_SpotLight_CaveEntrance.BP_GEN1_TOD_SpotLight_CaveEntrance_C,24,0,0,0,0,0,0
/Game/PrimalEarth/Sound/AmbientSoundActors/RedwoodAmbientSound_Blueprint_Medium.RedwoodAmbientSound_Blueprint_Medium_C,24,0,0,0,0,0,0
/Game/PrimalEarth/Sound/PlayerVoice/PDA_VoiceCollection.PDA_VoiceCollection_C,24,0,0,0,0,0,0
/Script/OptimusCore.OptimusDeformer,23,0,0,0,0,0,0
/Script/ShooterGame.ModDataAsset,23,0,0,0,0,0,0
/Game/PrimalEarth/CoreBlueprints/ExplorerChest/ExplorerChest_Glitch.ExplorerChest_Glitch_C,22,0,0,0,0,0,0
/Script/Engine.SubsurfaceProfile,22,0,0,0,0,0,0
/Game/ASA/Blueprints/Water/BP_CaveWaterline_Override.BP_CaveWaterline_Override_C,21,0,0,0,0,0,0
/Script/Engine.TextureRenderTargetCube,21,0,0,0,0,0,0
/Script/ShooterGame.PrimalWirelessExchangeData,21,0,0,0,0,0,0
/DinoDefense/2DPlatformer/Environment/Fracture_Meshes/DestructibleStructures/BPStructure_Steamboat_Willie_Pillar_2.BPStructure_Steamboat_Willie_Pillar_2_C,20,0,0,0,0,0,0
/Game/Genesis/Effects/BluePrint/Environment/VR/BPFX_Pillar_Data_Stream.BPFX_Pillar_Data_Stream_C,20,0,0,0,0,0,0
/Game/UltraDynamicSky/Blueprints/Utilities/BP_PostProcessPreview.BP_PostProcessPreview_C,20,0,0,0,0,0,0
/Script/Engine.ForceFeedbackEffect,20,0,0,0,0,0,0
/Script/Engine.PrimaryAssetLabel,20,0,0,0,0,0,0
/Script/HoudiniEngineRuntime.HoudiniAsset,20,0,0,0,0,0,0
/Script/ShooterGame.PrimalRecastNavMesh,20,0,0,0,0,0,0
/DinoDefense/2DPlatformer/Mobs/Dodo/DodoCharacter_Platformer.DodoCharacter_Platformer_C,19,0,0,0,0,0,0
/Game/Genesis/Sound/Environment/Arctic/Arctic_Trees_Blueprint.Arctic_Trees_Blueprint_C,19,0,0,0,0,0,0
/Game/PrimalEarth/Effects/Blueprints/BP_IndoorRainChild.BP_IndoorRainChild_C,19,0,0,0,0,0,0
/Script/CinematicCamera.CineCameraActor,19,0,0,0,0,0,0
/DinoDefense/2DPlatformer/Props/Spawner/BaseSpawner_Platformer.BaseSpawner_Platformer_C,18,0,0,0,0,0,0
/Game/PrimalEarth/Effects/Blueprints/BP_Lava_FireSplash01.BP_Lava_FireSplash01_C,18,0,0,0,0,0,0
/Game/PrimalEarth/Sound/AmbientSoundActors/SnowAmbientSound_Blueprint.SnowAmbientSound_Blueprint_C,18,0,0,0,0,0,0
/Script/Engine.CurveVector,18,0,0,0,0,0,0
/Script/Engine.TextureLightProfile,18,0,0,0,0,0,0
/Script/NavigationSystem.NavModifierVolume,18,0,0,0,0,0,0
/Game/Genesis/Lighting/TOD_Lights/BP_GEN1_TOD_SpotLight.BP_GEN1_TOD_SpotLight_C,17,0,0,0,0,0,0
/Game/PrimalEarth/Environment/Shared/Vegetation/Foliage/FungusPod/BPP_Fungus_Wall_BP_Instance.BPP_Fungus_Wall_BP_Instance_C,17,0,0,0,0,0,0
/Script/Engine.DirectionalLight,17,0,0,0,0,0,0
/Script/Engine.SkyLight,17,0,0,0,0,0,0
/Script/MediaAssets.MediaTexture,17,0,0,0,0,0,0
/Game/Genesis/Sound/Environment/Volcanic/VolcanoAmbientSound_Blueprint.VolcanoAmbientSound_Blueprint_C,16,0,0,0,0,0,0
/Script/SlateCore.SlateWidgetStyleAsset,16,0,0,0,0,0,0
/Game/Genesis/Environment/Volcano/Lava/Lava_spline.Lava_spline_C,15,0,0,0,0,0,0
/Game/Genesis/Missions/MissionTrigger_SpawningCheckpoint_Mesh.MissionTrigger_SpawningCheckpoint_Mesh_C,15,0,0,0,0,0,0
/Game/ScorchedEarth/Structures/OilPump/OilVein_Base_BP.OilVein_Base_BP_C,15,0,0,0,0,0,0
/Game/Art_Tools/Level_Tools/WorldCapture/BP_Batch_World_Capture_GenesisIslands.BP_Batch_World_Capture_GenesisIslands_C,14,0,0,0,0,0,0
/Game/Genesis/Missions/EelBossFight/MissionServerSidePoint_EelBoss.MissionServerSidePoint_EelBoss_C,14,0,0,0,0,0,0
/Game/Genesis/Missions/Sports/DodoBall/MissionSpline_BasketballCourt.MissionSpline_BasketballCourt_C,14,0,0,0,0,0,0
/Script/Engine.RuntimeVirtualTexture,14,0,0,0,0,0,0
/Script/ImgMedia.ImgMediaSource,14,0,0,0,0,0,0
/Script/MediaAssets.MediaPlayer,14,0,0,0,0,0,0
/DinoDefense/2DPlatformer/Environment/Fracture_Meshes/BP_Steamboat_Willie_Dock.BP_Steamboat_Willie_Dock_C,13,0,0,0,0,0,0
/DinoDefense/2DPlatformer/Props/PickUps/DroppedEggCoin_Plataformer.DroppedEggCoin_Plataformer_C,13,0,0,0,0,0,0
/Game/Effects/Blueprints/BP_Steam_vent_LG.BP_Steam_vent_LG_C,13,0,0,0,0,0,0
/Game/EndGame/CoreBlueprints/Enviroment/EndBossNavigation_TargetPoint.EndBossNavigation_TargetPoint_C,13,0,0,0,0,0,0
/Game/Genesis/Environment/Sky/VolumetricClouds/Biomes/Volcano/Cave/BP_VolcanoLavaCave_Spot_Crystal.BP_VolcanoLavaCave_Spot_Crystal_C,13,0,0,0,0,0,0
/Game/ScorchedEarth/Structures/OilPump/OilVein_2_BP.OilVein_2_BP_C,13,0,0,0,0,0,0
/Script/Engine.FoliageType_InstancedStaticMesh,13,0,0,0,0,0,0
/DinoDefense/2DPlatformer/Environment/Fracture_Meshes/DestructibleStructures/BPStructure_Steamboat_Willie_Wall.BPStructure_Steamboat_Willie_Wall_C,12,0,0,0,0,0,0
/Game/Genesis/Environment/Bog/Vegetation/Foliage/PoisonPlant/BP_HeroPoisonPlant.BP_HeroPoisonPlant_C,12,0,0,0,0,0,0
/Game/Genesis/Environment/Gameplay/BP_LunarElementPool.BP_LunarElementPool_C,12,0,0,0,0,0,0
/Game/PrimalEarth/CoreBlueprints/ServerSidePoint_Chest.ServerSidePoint_Chest_C,12,0,0,0,0,0,0
/Game/PrimalEarth/Sound/AmbientSoundActors/GrasslandAmbientSound_Blueprint_Medium.GrasslandAmbientSound_Blueprint_Medium_C,12,0,0,0,0,0,0
/Game/Test/erikh/PCG/Biome_OceanDeep/BP_PCG_Biome_OceanDeep_ReefCarpet.BP_PCG_Biome_OceanDeep_ReefCarpet_C,12,0,0,0,0,0,0
/Script/Engine.CanvasRenderTarget2D,12,0,0,0,0,0,0
/Script/Engine.RuntimeVirtualTextureVolume,12,0,0,0,0,0,0
/Script/TrueSkyPlugin.TrueSkySequenceAsset,12,0,0,0,0,0,0
/Game/ASA/Blueprints/LightingTools/DynamicTOD/BP_DynamicSpotLight_CaveEntrance.BP_DynamicSpotLight_CaveEntrance_C,11,0,0,0,0,0,0
/Game/Genesis/Lighting/TOD_Lights/BP_GEN1_TOD_PointLight.BP_GEN1_TOD_PointLight_C,11,0,0,0,0,0,0
/Script/BinkMediaPlayer.BinkMediaTexture,11,0,0,0,0,0,0
/Script/Engine.TextRenderActor,11,0,0,0,0,0,0
/Script/Engine.VirtualTextureBuilder,11,0,0,0,0,0,0
/Script/Niagara.NiagaraParameterCollection,11,0,0,0,0,0,0
/Script/PCG.PCGWorldActor,11,0,0,0,0,0,0
/DinoDefense/2DPlatformer/Environment/Fracture_Meshes/BP_Steamboat_Barrel.BP_Steamboat_Barrel_C,10,0,0,0,0,0,0
/DinoDefense/2DPlatformer/Props/Door_Platformer.Door_Platformer_C,10,0,0,0,0,0,0
/Game/Effects/Blueprints/Lava/BP_SpawnLavaArea.BP_SpawnLavaArea_C,10,0,0,0,0,0,0
/Game/Genesis/Environment/Landscape/Volcano/MattePainting/BP/BP_MattePaintDayLightMaskVolcano.BP_MattePaintDayLightMaskVolcano_C,10,0,0,0,0,0,0
/Game/PrimalEarth/Sound/AmbientSoundActors/MountainAmbientSound_Blueprint_Small.MountainAmbientSound_Blueprint_Small_C,10,0,0,0,0,0,0
/Game/PrimalEarth/Sound/AmbientSoundActors/SwampAmbientSound_Blueprint_Small.SwampAmbientSound_Blueprint_Small_C,10,0,0,0,0,0,0
/Script/Engine.SkyAtmosphere,10,0,0,0,0,0,0
/Script/IKRig.IKRigDefinition,10,0,0,0,0,0,0
/Script/Niagara.NiagaraDataChannelAsset,10,0,0,0,0,0,0
/Script/ShooterGame.PrimalStructureDB,10,0,0,0,0,0,0
/Game/ASA/UI/ReMainMenu/DLC/Base/DA_DLC_Base.DA_DLC_Base_C,9,0,0,0,0,0,0
/Game/Genesis/Missions/Race/MissionServerSidePoint_Race_StartingLine.MissionServerSidePoint_Race_StartingLine_C,9,0,0,0,0,0,0
/Game/Genesis/Missions/Race/MissionSpline_Race.MissionSpline_Race_C,9,0,0,0,0,0,0
/Game/Genesis/Missions/Race/MissionTrigger_RaceCheckpoint_Finish.MissionTrigger_RaceCheckpoint_Finish_C,9,0,0,0,0,0,0
/Game/PrimalEarth/Effects/Blueprints/BP_Lava_FireSplash_LG01.BP_Lava_FireSplash_LG01_C,9,0,0,0,0,0,0
/Script/Engine.MapBuildDataRegistry,9,0,0,0,0,0,0
/Script/Engine.PhysicalMaterial,9,0,0,0,0,0,0
/Script/NavigationSystem.NavMeshBoundsVolume,9,0,0,0,0,0,0
/DinoDefense/2DPlatformer/Camera/OverrideCameraVolume_Platformer.OverrideCameraVolume_Platformer_C,8,0,0,0,0,0,0
