object_path,asset_name,asset_class_path,evidence_freshness,stage,status,ambiguous_count,not_recovered_count,source_not_available_count,stale_count,failure_reason,gap_count
/Game/Genesis2/Dinos/LionfishLion/LionfishLion_Character_BP.LionfishLion_Character_BP,LionfishLion_Character_BP,/Script/Engine.Blueprint,FRESH,blueprint_evidence,FRESH,0,35,268,0,,303
/Game/Genesis/Dinos/Shapeshifter/Shapeshifter_Large/Shapeshifter_Large_Character_BP.Shapeshifter_Large_Character_BP,Shapeshifter_Large_Character_BP,/Script/Engine.Blueprint,FRESH,blueprint_evidence,FRESH,0,0,112,0,,112
/Game/ASA/Dinos/Gigantoraptor/Gigantoraptor_Character_BP.Gigantoraptor_Character_BP,Gigantoraptor_Character_BP,/Script/Engine.Blueprint,STALE,blueprint_evidence,STALE,0,0,103,1,PACKAGE_SHA256_MISMATCH,104
/Game/LostColony/Dinos/SnowDragon/SnowDragon_Character_BP.SnowDragon_Character_BP,SnowDragon_Character_BP,/Script/Engine.Blueprint,STALE,blueprint_evidence,STALE,0,0,87,1,PACKAGE_SHA256_MISMATCH,88
/Game/Genesis/Dinos/SpaceWhale/SpaceWhale_Character_BP.SpaceWhale_Character_BP,SpaceWhale_Character_BP,/Script/Engine.Blueprint,FRESH,blueprint_evidence,FRESH,0,0,78,0,,78
/Game/Genesis/Missions/VRBattle/MissionType_VRBattle_Base.MissionType_VRBattle_Base,MissionType_VRBattle_Base,/Script/Engine.Blueprint,FRESH,blueprint_evidence,FRESH,0,2,64,0,,66
/Game/PrimalEarth/Dinos/Thylacoleo/Thylacoleo_Character_BP.Thylacoleo_Character_BP,Thylacoleo_Character_BP,/Script/Engine.Blueprint,FRESH,blueprint_evidence,FRESH,0,0,66,0,,66
/Game/Dragontopia/Dragons/Base/Draco_Character_BP.Draco_Character_BP,Draco_Character_BP,/Script/Engine.Blueprint,FRESH,blueprint_evidence,FRESH,0,0,65,0,,65
/Game/Genesis/Dinos/Shapeshifter/Shapeshifter_Small/Shapeshifter_Small_Character_BP.Shapeshifter_Small_Character_BP,Shapeshifter_Small_Character_BP,/Script/Engine.Blueprint,FRESH,blueprint_evidence,FRESH,0,0,65,0,,65
/Game/ASA/Dinos/ShoulderDragon/ShoulderDragon_Character_BP.ShoulderDragon_Character_BP,ShoulderDragon_Character_BP,/Script/Engine.Blueprint,STALE,blueprint_evidence,STALE,0,0,56,1,PACKAGE_SHA256_MISMATCH,57
/Game/Genesis/Dinos/GiantTurtle/GiantTurtle_Character_BP.GiantTurtle_Character_BP,GiantTurtle_Character_BP,/Script/Engine.Blueprint,FRESH,blueprint_evidence,FRESH,0,0,56,0,,56
/Game/Packs/TidesOfFortune/Dinos/Axolotl/Axolotl_Large/Axolotl_Large_Character_BP.Axolotl_Large_Character_BP,Axolotl_Large_Character_BP,/Script/Engine.Blueprint,FRESH,blueprint_evidence,FRESH,0,0,52,0,,52
/Game/Genesis/Dinos/Cherufe/Cherufe_Character_BP.Cherufe_Character_BP,Cherufe_Character_BP,/Script/Engine.Blueprint,STALE,blueprint_evidence,STALE,0,0,49,1,PACKAGE_SHA256_MISMATCH,50
/Game/Packs/TidesOfFortune/Dinos/Parrot/Parrot_Character_BP.Parrot_Character_BP,Parrot_Character_BP,/Script/Engine.Blueprint,FRESH,blueprint_evidence,FRESH,0,0,45,0,,45
/Game/Packs/TidesOfFortune/Dinos/Axolotl/Axolotl_Small/Axolotl_Small_Character_BP.Axolotl_Small_Character_BP,Axolotl_Small_Character_BP,/Script/Engine.Blueprint,FRESH,blueprint_evidence,FRESH,0,0,44,0,,44
/Game/Genesis/Weapons/TekGrenadeLauncher/WeapTekGrenadeLauncher.WeapTekGrenadeLauncher,WeapTekGrenadeLauncher,/Script/Engine.Blueprint,FRESH,blueprint_evidence,FRESH,0,0,38,0,,38
/Game/PrimalEarth/CoreBlueprints/Buffs/Buff_HealAura.Buff_HealAura,Buff_HealAura,/Script/Engine.Blueprint,FRESH,blueprint_evidence,FRESH,0,0,24,0,,24
/Game/ASA/Dinos/Archelon/Dinos/Archelon_Character_BP_ASA.Archelon_Character_BP_ASA,Archelon_Character_BP_ASA,/Script/Engine.Blueprint,FRESH,blueprint_evidence,FRESH,0,0,22,0,,22
/Game/Packs/TidesOfFortune/Dinos/Axolotl/Axolotl_Character_BP.Axolotl_Character_BP,Axolotl_Character_BP,/Script/Engine.Blueprint,FRESH,blueprint_evidence,FRESH,0,0,20,0,,20
/Game/Genesis2/Dinos/TekStrider/HackingTaming/Buff_StriderHackingParent.Buff_StriderHackingParent,Buff_StriderHackingParent,/Script/Engine.Blueprint,FRESH,blueprint_evidence,FRESH,0,0,19,0,,19
/Game/Genesis/Weapons/TekGrenadeLauncher/Buff_TekGrenadeLauncherHelper.Buff_TekGrenadeLauncherHelper,Buff_TekGrenadeLauncherHelper,/Script/Engine.Blueprint,FRESH,blueprint_evidence,FRESH,0,0,18,0,,18
/Game/Genesis/Missions/VRBattle/MissionType_VRBattle_FinalStage.MissionType_VRBattle_FinalStage,MissionType_VRBattle_FinalStage,/Script/Engine.Blueprint,FRESH,blueprint_evidence,FRESH,0,0,17,0,,17
/Game/ASA/Dinos/Gigantoraptor/Buffs/Buff_GigantoraptorCallPlayer.Buff_GigantoraptorCallPlayer,Buff_GigantoraptorCallPlayer,/Script/Engine.Blueprint,FRESH,blueprint_evidence,FRESH,0,0,12,0,,12
/Game/ASA/Dinos/YiLing/Feathers/Buff_YiLingFeathered.Buff_YiLingFeathered,Buff_YiLingFeathered,/Script/Engine.Blueprint,FRESH,blueprint_evidence,FRESH,0,0,12,0,,12
/Game/PrimalEarth/CoreBlueprints/GeneTraits/TraitBPs/Trait_Base.Trait_Base,Trait_Base,/Script/Engine.Blueprint,FRESH,blueprint_evidence,FRESH,0,0,12,0,,12
/Game/PrimalEarth/CoreBlueprints/Buffs/Buff_DinoTekHelmet_Base.Buff_DinoTekHelmet_Base,Buff_DinoTekHelmet_Base,/Script/Engine.Blueprint,FRESH,blueprint_evidence,FRESH,0,0,11,0,,11
/Game/ASA/Dinos/ShoulderDragon/Buff_ShoulderDragonXPTaming.Buff_ShoulderDragonXPTaming,Buff_ShoulderDragonXPTaming,/Script/Engine.Blueprint,FRESH,blueprint_evidence,FRESH,0,0,10,0,,10
/Game/Extinction/CoreBlueprints/Buffs/Buff_TekGravityGrenadeForce.Buff_TekGravityGrenadeForce,Buff_TekGravityGrenadeForce,/Script/Engine.Blueprint,FRESH,blueprint_evidence,FRESH,0,0,9,0,,9
/Game/Packs/TidesOfFortune/Dinos/Axolotl/Abilities/Buff_AxolotlRegenBuffer.Buff_AxolotlRegenBuffer,Buff_AxolotlRegenBuffer,/Script/Engine.Blueprint,FRESH,blueprint_evidence,FRESH,0,0,9,0,,9
/Game/ScorchedEarth/Dinos/Wyvern/Wyvern_Character_BP_Base.Wyvern_Character_BP_Base,Wyvern_Character_BP_Base,/Script/Engine.Blueprint,FRESH,blueprint_evidence,FRESH,0,0,9,0,,9
/Game/PrimalEarth/CoreBlueprints/Items/PrimalItem_FishBasketFilled.PrimalItem_FishBasketFilled,PrimalItem_FishBasketFilled,/Script/Engine.Blueprint,FRESH,blueprint_evidence,FRESH,0,0,8,0,,8
/Game/Packs/TidesOfFortune/Dinos/Axolotl/Axolotl_Large/Buff_AxolotlRegenBuffer_Large.Buff_AxolotlRegenBuffer_Large,Buff_AxolotlRegenBuffer_Large,/Script/Engine.Blueprint,FRESH,blueprint_evidence,FRESH,0,0,7,0,,7
/Game/Packs/TidesOfFortune/Dinos/Parrot/CoreBlueprints/Buffs/Buff_TreasureHunter.Buff_TreasureHunter,Buff_TreasureHunter,/Script/Engine.Blueprint,FRESH,blueprint_evidence,FRESH,0,0,7,0,,7
/Game/ASA/Dinos/Gigantoraptor/PrimalItemResource_GigantoraptorFeather.PrimalItemResource_GigantoraptorFeather,PrimalItemResource_GigantoraptorFeather,/Script/Engine.Blueprint,STALE,blueprint_evidence,STALE,0,0,5,1,PACKAGE_SHA256_MISMATCH,6
/Game/ASA/Dinos/Gigantoraptor/Buffs/Buff_GigantoraptorTraining.Buff_GigantoraptorTraining,Buff_GigantoraptorTraining,/Script/Engine.Blueprint,FRESH,blueprint_evidence,FRESH,0,0,6,0,,6
/Game/Genesis/Missions/VRBattle/VRBattle_StageLandingLocation.VRBattle_StageLandingLocation,VRBattle_StageLandingLocation,/Script/Engine.Blueprint,FRESH,blueprint_evidence,FRESH,0,1,5,0,,6
/Game/PrimalEarth/CoreBlueprints/Buffs/Buff_Bleeding_Stacks.Buff_Bleeding_Stacks,Buff_Bleeding_Stacks,/Script/Engine.Blueprint,FRESH,blueprint_evidence,FRESH,0,0,6,0,,6
/Game/PrimalEarth/Structures/FishBasket.FishBasket,FishBasket,/Script/Engine.Blueprint,FRESH,blueprint_evidence,FRESH,0,0,6,0,,6
/Game/ASA/Dinos/Gigantoraptor/Nest/Buff_HiddenInNest.Buff_HiddenInNest,Buff_HiddenInNest,/Script/Engine.Blueprint,FRESH,blueprint_evidence,FRESH,0,0,5,0,,5
/Game/ASA/Dinos/YiLing/Feathers/Buff_YiLingArmorReduction.Buff_YiLingArmorReduction,Buff_YiLingArmorReduction,/Script/Engine.Blueprint,FRESH,blueprint_evidence,FRESH,0,0,5,0,,5
/Game/ASA/Dinos/YiLing/Feathers/Buff_YiLingPoison.Buff_YiLingPoison,Buff_YiLingPoison,/Script/Engine.Blueprint,FRESH,blueprint_evidence,FRESH,0,0,5,0,,5
/Game/Packs/TidesOfFortune/Dinos/Axolotl/Axolotl_Large/Buff_HealAura_Axolotl.Buff_HealAura_Axolotl,Buff_HealAura_Axolotl,/Script/Engine.Blueprint,FRESH,blueprint_evidence,FRESH,0,0,5,0,,5
/Game/ASA/Dinos/ShoulderDragon/Chest/PrimalItem_TreasureMap_ShoulderDragon.PrimalItem_TreasureMap_ShoulderDragon,PrimalItem_TreasureMap_ShoulderDragon,/Script/Engine.Blueprint,STALE,blueprint_evidence,STALE,0,0,3,1,PACKAGE_SHA256_MISMATCH,4
/Game/ASA/Dinos/Gigantoraptor/Buffs/Buff_GigantoraptorBonded.Buff_GigantoraptorBonded,Buff_GigantoraptorBonded,/Script/Engine.Blueprint,FRESH,blueprint_evidence,FRESH,0,0,4,0,,4
/Game/ASA/Dinos/Gigantoraptor/Buffs/Buff_GigantoraptorPride.Buff_GigantoraptorPride,Buff_GigantoraptorPride,/Script/Engine.Blueprint,FRESH,blueprint_evidence,FRESH,0,0,4,0,,4
/Game/ASA/Dinos/YiLing/Feathers/Buff_YiLingSlime.Buff_YiLingSlime,Buff_YiLingSlime,/Script/Engine.Blueprint,FRESH,blueprint_evidence,FRESH,0,0,4,0,,4
/Game/Genesis/CoreBlueprints/GenesisBossArenaManager.GenesisBossArenaManager,GenesisBossArenaManager,/Script/Engine.Blueprint,FRESH,blueprint_evidence,FRESH,0,0,4,0,,4
/Game/Packs/Frontier/Structures/TreasureCache/SupplyCrate/SupplyCrate_BuriedTreasureBase.SupplyCrate_BuriedTreasureBase,SupplyCrate_BuriedTreasureBase,/Script/Engine.Blueprint,FRESH,blueprint_evidence,FRESH,0,0,4,0,,4
/Game/Packs/TidesOfFortune/Dinos/Axolotl/Axolotl_Large/Buff_HealAura_Axolotl_Passive.Buff_HealAura_Axolotl_Passive,Buff_HealAura_Axolotl_Passive,/Script/Engine.Blueprint,FRESH,blueprint_evidence,FRESH,0,0,4,0,,4
/Game/Packs/TidesOfFortune/Dinos/Parrot/CoreBlueprints/Buffs/Buff_ParrotTaming.Buff_ParrotTaming,Buff_ParrotTaming,/Script/Engine.Blueprint,FRESH,blueprint_evidence,FRESH,0,0,4,0,,4
/Game/Packs/TidesOfFortune/Dinos/Parrot/PrimalItem_BondingFeather,/Game/Packs/TidesOfFortune/Dinos/Parrot/PrimalItem_BondingFeather,/Script/Engine.Blueprint,FRESH,blueprint_evidence,FRESH,0,1,3,0,,4
/Game/PrimalEarth/CoreBlueprints/GeneTraits/TraitBPs/Athletic/Trait_Athletic.Trait_Athletic,Trait_Athletic,/Script/Engine.Blueprint,FRESH,blueprint_evidence,FRESH,0,0,4,0,,4
/Game/PrimalEarth/CoreBlueprints/GeneTraits/TraitBPs/Excitable/Trait_Excitable.Trait_Excitable,Trait_Excitable,/Script/Engine.Blueprint,FRESH,blueprint_evidence,FRESH,0,0,4,0,,4
/Game/PrimalEarth/CoreBlueprints/GeneTraits/TraitBPs/Fatty/Trait_Fatty.Trait_Fatty,Trait_Fatty,/Script/Engine.Blueprint,FRESH,blueprint_evidence,FRESH,0,0,4,0,,4
/Game/PrimalEarth/CoreBlueprints/GeneTraits/TraitBPs/Protective/Trait_Protective.Trait_Protective,Trait_Protective,/Script/Engine.Blueprint,FRESH,blueprint_evidence,FRESH,0,0,4,0,,4
/Game/PrimalEarth/CoreBlueprints/GeneTraits/TraitBPs/SlowMetabolism/Trait_SlowMetabolism.Trait_SlowMetabolism,Trait_SlowMetabolism,/Script/Engine.Blueprint,FRESH,blueprint_evidence,FRESH,0,0,4,0,,4
/Game/PrimalEarth/CoreBlueprints/PlayerCharacterStatusComponent_BP.PlayerCharacterStatusComponent_BP,PlayerCharacterStatusComponent_BP,/Script/Engine.Blueprint,STALE,blueprint_evidence,STALE,0,0,2,1,PACKAGE_SHA256_MISMATCH,3
/Game/ASA/Dinos/Archelon/Dinos/DinoTamedInventoryComponent_Archelon_ASA.DinoTamedInventoryComponent_Archelon_ASA,DinoTamedInventoryComponent_Archelon_ASA,/Script/Engine.Blueprint,FRESH,blueprint_evidence,FRESH,0,0,3,0,,3
/Game/Extinction/CoreBlueprints/Projectiles/ProjTekGravityGrenade.ProjTekGravityGrenade,ProjTekGravityGrenade,/Script/Engine.Blueprint,FRESH,blueprint_evidence,FRESH,0,0,3,0,,3
/Game/Extinction/CoreBlueprints/Weapons/WeapTekGravityGrenade.WeapTekGravityGrenade,WeapTekGravityGrenade,/Script/Engine.Blueprint,FRESH,blueprint_evidence,FRESH,0,0,3,0,,3
/Game/Fjordur/Dinos/Desmodus/PrimalItem_SanguineElixir,/Game/Fjordur/Dinos/Desmodus/PrimalItem_SanguineElixir,/Script/Engine.Blueprint,FRESH,blueprint_evidence,FRESH,0,0,3,0,,3
/Game/Genesis/Dinos/Shapeshifter/Buff_ShapeshifterSwipeAttack.Buff_ShapeshifterSwipeAttack,Buff_ShapeshifterSwipeAttack,/Script/Engine.Blueprint,FRESH,blueprint_evidence,FRESH,0,0,3,0,,3
/Game/Genesis/Dinos/Shapeshifter/ProjRock_ShapeShifter.ProjRock_ShapeShifter,ProjRock_ShapeShifter,/Script/Engine.Blueprint,FRESH,blueprint_evidence,FRESH,0,1,2,0,,3
/Game/Packs/TidesOfFortune/Dinos/Axolotl/Axolotl_Large/Buff_AxolotlRegenStasis.Buff_AxolotlRegenStasis,Buff_AxolotlRegenStasis,/Script/Engine.Blueprint,FRESH,blueprint_evidence,FRESH,0,0,3,0,,3
/Game/Packs/TidesOfFortune/Items/Tools/TreasureMapBottle/Gameplay/BaseClasses/PrimalItem_TreasureMap_Wild_Bottle_Base.PrimalItem_TreasureMap_Wild_Bottle_Base,PrimalItem_TreasureMap_Wild_Bottle_Base,/Script/Engine.Blueprint,FRESH,blueprint_evidence,FRESH,0,0,3,0,,3
/Game/PrimalEarth/CoreBlueprints/Buffs/Buff_Bleeding.Buff_Bleeding,Buff_Bleeding,/Script/Engine.Blueprint,FRESH,blueprint_evidence,FRESH,0,0,3,0,,3
/Game/PrimalEarth/CoreBlueprints/GeneTraits/TraitBPs/Agressive/Trait_Aggressive.Trait_Aggressive,Trait_Aggressive,/Script/Engine.Blueprint,FRESH,blueprint_evidence,FRESH,0,0,3,0,,3
/Game/PrimalEarth/CoreBlueprints/GeneTraits/TraitBPs/Angry/Trait_Angry.Trait_Angry,Trait_Angry,/Script/Engine.Blueprint,FRESH,blueprint_evidence,FRESH,0,0,3,0,,3
/Game/PrimalEarth/CoreBlueprints/GeneTraits/TraitBPs/Carefree/Trait_Carefree.Trait_Carefree,Trait_Carefree,/Script/Engine.Blueprint,FRESH,blueprint_evidence,FRESH,0,0,3,0,,3
/Game/PrimalEarth/CoreBlueprints/GeneTraits/TraitBPs/Frenetic/Trait_Frenetic.Trait_Frenetic,Trait_Frenetic,/Script/Engine.Blueprint,FRESH,blueprint_evidence,FRESH,0,0,3,0,,3
/Game/PrimalEarth/CoreBlueprints/GeneTraits/TraitBPs/Giantslayer/Trait_Giantslaying.Trait_Giantslaying,Trait_Giantslaying,/Script/Engine.Blueprint,FRESH,blueprint_evidence,FRESH,0,0,3,0,,3
/Game/PrimalEarth/CoreBlueprints/GeneTraits/TraitBPs/HeavyHitting/Trait_HeavyHitting.Trait_HeavyHitting,Trait_HeavyHitting,/Script/Engine.Blueprint,FRESH,blueprint_evidence,FRESH,0,0,3,0,,3
/Game/PrimalEarth/CoreBlueprints/GeneTraits/TraitBPs/Kingslayer/Trait_Kingslaying.Trait_Kingslaying,Trait_Kingslaying,/Script/Engine.Blueprint,FRESH,blueprint_evidence,FRESH,0,0,3,0,,3
/Game/PrimalEarth/CoreBlueprints/GeneTraits/TraitBPs/Numb/Trait_Numb.Trait_Numb,Trait_Numb,/Script/Engine.Blueprint,FRESH,blueprint_evidence,FRESH,0,0,3,0,,3
/Game/PrimalEarth/CoreBlueprints/GeneTraits/TraitBPs/QuickHitting/Trait_QuickHitting.Trait_QuickHitting,Trait_QuickHitting,/Script/Engine.Blueprint,FRESH,blueprint_evidence,FRESH,0,0,3,0,,3
/Game/PrimalEarth/CoreBlueprints/GeneTraits/TraitBPs/Sprinter/Trait_High_Endurance.Trait_High_Endurance,Trait_High_Endurance,/Script/Engine.Blueprint,FRESH,blueprint_evidence,FRESH,0,0,3,0,,3
/Game/PrimalEarth/CoreBlueprints/GeneTraits/TraitBPs/ThickSkin/Trait_Tenacious.Trait_Tenacious,Trait_Tenacious,/Script/Engine.Blueprint,FRESH,blueprint_evidence,FRESH,0,0,3,0,,3
/Game/PrimalEarth/CoreBlueprints/GeneTraits/TraitBPs/Vampiric/Trait_Vampiric.Trait_Vampiric,Trait_Vampiric,/Script/Engine.Blueprint,FRESH,blueprint_evidence,FRESH,0,0,3,0,,3
/Game/PrimalEarth/CoreBlueprints/Projectiles/ProjGasGrenade.ProjGasGrenade,ProjGasGrenade,/Script/Engine.Blueprint,FRESH,blueprint_evidence,FRESH,0,0,3,0,,3
/Game/PrimalEarth/CoreBlueprints/Projectiles/ProjGrenadeTek.ProjGrenadeTek,ProjGrenadeTek,/Script/Engine.Blueprint,FRESH,blueprint_evidence,FRESH,0,0,3,0,,3
/Game/PrimalEarth/CoreBlueprints/BASE_PrimalGameData_BP.BASE_PrimalGameData_BP,BASE_PrimalGameData_BP,/Script/Engine.Blueprint,STALE,blueprint_evidence,STALE,0,0,1,1,PACKAGE_SHA256_MISMATCH,2
/Game/PrimalEarth/CoreBlueprints/COREMEDIA_PrimalGameData_BP.COREMEDIA_PrimalGameData_BP,COREMEDIA_PrimalGameData_BP,/Script/Engine.Blueprint,STALE,blueprint_evidence,STALE,0,0,1,1,PACKAGE_SHA256_MISMATCH,2
/Game/ASA/Dinos/Archelon/Dinos/Buffs/Buff_Archelon_BabyDryLand_ASA.Buff_Archelon_BabyDryLand_ASA,Buff_Archelon_BabyDryLand_ASA,/Script/Engine.Blueprint,FRESH,blueprint_evidence,FRESH,0,0,2,0,,2
/Game/ASA/Dinos/Bison/Buff_BisonBabyGrow.Buff_BisonBabyGrow,Buff_BisonBabyGrow,/Script/Engine.Blueprint,FRESH,blueprint_evidence,FRESH,0,0,2,0,,2
/Game/ASA/Dinos/Gigantoraptor/Buffs/Buff_GigantoraptorSlowFall.Buff_GigantoraptorSlowFall,Buff_GigantoraptorSlowFall,/Script/Engine.Blueprint,FRESH,blueprint_evidence,FRESH,0,0,2,0,,2
/Game/Genesis/Dinos/GiantTurtle/GiantTurtle_Piranha_Character_BP.GiantTurtle_Piranha_Character_BP,GiantTurtle_Piranha_Character_BP,/Script/Engine.Blueprint,FRESH,blueprint_evidence,FRESH,0,0,2,0,,2
/Game/Genesis/Missions/VRBattle/BossArenaManager_VRBattle.BossArenaManager_VRBattle,BossArenaManager_VRBattle,/Script/Engine.Blueprint,FRESH,blueprint_evidence,FRESH,0,0,2,0,,2
/Game/Genesis/Missions/VRBattle/MissionTrigger_VRBattleCodeKeyKiosk.MissionTrigger_VRBattleCodeKeyKiosk,MissionTrigger_VRBattleCodeKeyKiosk,/Script/Engine.Blueprint,FRESH,blueprint_evidence,FRESH,0,1,1,0,,2
/Game/Genesis/Weapons/TekGrenadeLauncher/PrimalItem_WeaponTekGrenadeLauncher.PrimalItem_WeaponTekGrenadeLauncher,PrimalItem_WeaponTekGrenadeLauncher,/Script/Engine.Blueprint,FRESH,blueprint_evidence,FRESH,0,0,2,0,,2
/Game/Packs/TidesOfFortune/Dinos/Axolotl/Axolotl_Small/Buff_AxolotlRegenBuffer_Small.Buff_AxolotlRegenBuffer_Small,Buff_AxolotlRegenBuffer_Small,/Script/Engine.Blueprint,FRESH,blueprint_evidence,FRESH,0,0,2,0,,2
/Game/Packs/TidesOfFortune/Items/Tools/TreasureMapBottle/Gameplay/BaseClasses/StructureBP_TreasureBottle_Base.StructureBP_TreasureBottle_Base,StructureBP_TreasureBottle_Base,/Script/Engine.Blueprint,FRESH,blueprint_evidence,FRESH,0,0,2,0,,2
/Game/Packs/TidesOfFortune/Structures/PirateChest/SupplyCrate_BuriedTreasurePirate_Ascendant.SupplyCrate_BuriedTreasurePirate_Ascendant,SupplyCrate_BuriedTreasurePirate_Ascendant,/Script/Engine.Blueprint,FRESH,blueprint_evidence,FRESH,0,1,1,0,,2
/Game/Packs/TidesOfFortune/Structures/PirateChest/SupplyCrate_BuriedTreasurePirate_Journeyman.SupplyCrate_BuriedTreasurePirate_Journeyman,SupplyCrate_BuriedTreasurePirate_Journeyman,/Script/Engine.Blueprint,FRESH,blueprint_evidence,FRESH,0,1,1,0,,2
/Game/Packs/TidesOfFortune/Structures/PirateChest/SupplyCrate_BuriedTreasurePirate_Mastercraft.SupplyCrate_BuriedTreasurePirate_Mastercraft,SupplyCrate_BuriedTreasurePirate_Mastercraft,/Script/Engine.Blueprint,FRESH,blueprint_evidence,FRESH,0,1,1,0,,2
/Game/Packs/TidesOfFortune/Structures/PirateChest/SupplyCrate_BuriedTreasurePirate_Primitive.SupplyCrate_BuriedTreasurePirate_Primitive,SupplyCrate_BuriedTreasurePirate_Primitive,/Script/Engine.Blueprint,FRESH,blueprint_evidence,FRESH,0,1,1,0,,2
/Game/Packs/TidesOfFortune/Structures/PirateChest/SupplyCrate_BuriedTreasurePirate_Ramshackle.SupplyCrate_BuriedTreasurePirate_Ramshackle,SupplyCrate_BuriedTreasurePirate_Ramshackle,/Script/Engine.Blueprint,FRESH,blueprint_evidence,FRESH,0,1,1,0,,2
/Game/PrimalEarth/CoreBlueprints/Buffs/Buff_Base.Buff_Base,Buff_Base,/Script/Engine.Blueprint,FRESH,blueprint_evidence,FRESH,0,0,2,0,,2
/Game/PrimalEarth/CoreBlueprints/Projectiles/ProjCannonBall.ProjCannonBall,ProjCannonBall,/Script/Engine.Blueprint,FRESH,blueprint_evidence,FRESH,0,2,0,0,,2
/Game/ASA/Dinos/Archelon/Dinos/Consumables/PrimalItemConsumable_Veggie_TurtleAlgae_ASA.PrimalItemConsumable_Veggie_TurtleAlgae_ASA,PrimalItemConsumable_Veggie_TurtleAlgae_ASA,/Script/Engine.Blueprint,STALE,blueprint_evidence,STALE,0,0,0,1,PACKAGE_SHA256_MISMATCH,1
/Game/PrimalEarth/CoreBlueprints/CORE_PrimalGameData.CORE_PrimalGameData,CORE_PrimalGameData,/Script/Engine.Blueprint,STALE,blueprint_evidence,STALE,0,0,0,1,PACKAGE_SHA256_MISMATCH,1
/Game/PrimalEarth/CoreBlueprints/HarvestComponents/MetalHarvestComponent.MetalHarvestComponent,MetalHarvestComponent,/Script/Engine.Blueprint,STALE,blueprint_evidence,STALE,0,0,0,1,PACKAGE_SHA256_MISMATCH,1
/Game/PrimalEarth/CoreBlueprints/PrimalGameDataARKNX_BP.PrimalGameDataARKNX_BP,PrimalGameDataARKNX_BP,/Script/Engine.Blueprint,STALE,blueprint_evidence,STALE,0,0,0,1,PACKAGE_SHA256_MISMATCH,1
/Game/PrimalEarth/CoreBlueprints/PrimalGameData_BP.PrimalGameData_BP,PrimalGameData_BP,/Script/Engine.Blueprint,STALE,blueprint_evidence,STALE,0,0,0,1,PACKAGE_SHA256_MISMATCH,1
/Game/PrimalEarth/CoreBlueprints/Resources/PrimalItemResource_Metal.PrimalItemResource_Metal,PrimalItemResource_Metal,/Script/Engine.Blueprint,STALE,blueprint_evidence,STALE,0,0,0,1,PACKAGE_SHA256_MISMATCH,1
/Game/Mods/MegachelonDeepWaterVisualizer/BP_Megachelon_DeepWaterProbe.BP_Megachelon_DeepWaterProbe,BP_Megachelon_DeepWaterProbe,/Script/Engine.Blueprint,SOURCE_NOT_AVAILABLE,blueprint_evidence,SOURCE_NOT_AVAILABLE,0,0,1,0,,1
/Game/Mods/MegachelonDeepWaterVisualizer/BP_Megachelon_DeepWaterProbe.BP_Megachelon_DeepWaterProbe,BP_Megachelon_DeepWaterProbe,/Script/Engine.Blueprint,SOURCE_NOT_AVAILABLE,serialized_reference_surface,SOURCE_NOT_AVAILABLE,0,0,1,0,PACKAGE_NOT_IN_CURRENT_DEVKIT,1
/Game/Mods/MegachelonDeepWaterVisualizer/BP_Megachelon_MatingProbe.BP_Megachelon_MatingProbe,BP_Megachelon_MatingProbe,/Script/Engine.Blueprint,SOURCE_NOT_AVAILABLE,blueprint_evidence,SOURCE_NOT_AVAILABLE,0,0,1,0,,1
/Game/Mods/MegachelonDeepWaterVisualizer/BP_Megachelon_MatingProbe.BP_Megachelon_MatingProbe,BP_Megachelon_MatingProbe,/Script/Engine.Blueprint,SOURCE_NOT_AVAILABLE,serialized_reference_surface,SOURCE_NOT_AVAILABLE,0,0,1,0,PACKAGE_NOT_IN_CURRENT_DEVKIT,1
/Game/ASA/Dinos/Archelon/Dinos/Buffs/Buff_ArchelonCharged_ASA.Buff_ArchelonCharged_ASA,Buff_ArchelonCharged_ASA,/Script/Engine.Blueprint,FRESH,blueprint_evidence,FRESH,0,0,1,0,,1
/Game/ASA/Dinos/Gigantoraptor/Buffs/Buff_GigantoraptorPassProtection.Buff_GigantoraptorPassProtection,Buff_GigantoraptorPassProtection,/Script/Engine.Blueprint,FRESH,blueprint_evidence,FRESH,0,0,1,0,,1
/Game/ASA/Dinos/ShoulderDragon/Chest/Buff_PingTreasureLocationPOI_ShoulderDragon.Buff_PingTreasureLocationPOI_ShoulderDragon,Buff_PingTreasureLocationPOI_ShoulderDragon,/Script/Engine.Blueprint,FRESH,blueprint_evidence,FRESH,0,0,1,0,,1
/Game/ASA/Dinos/ShoulderDragon/Chest/SupplyCrate_BuriedTreasure_ShoulderDragon.SupplyCrate_BuriedTreasure_ShoulderDragon,SupplyCrate_BuriedTreasure_ShoulderDragon,/Script/Engine.Blueprint,FRESH,blueprint_evidence,FRESH,0,0,1,0,,1
/Game/Aberration/Dinos/Lamprey/Lamprey_Character.Lamprey_Character,Lamprey_Character,/Script/Engine.Blueprint,FRESH,blueprint_evidence,FRESH,0,0,1,0,,1
/Game/Extinction/Effects/Blueprints/Gameplay/TekGravityGrenadeExplosionEmitter.TekGravityGrenadeExplosionEmitter,TekGravityGrenadeExplosionEmitter,/Script/Engine.Blueprint,FRESH,blueprint_evidence,FRESH,0,0,1,0,,1
/Game/Fjordur/Dinos/Desmodus/Buff_SanguineElixirUsed,/Game/Fjordur/Dinos/Desmodus/Buff_SanguineElixirUsed,UNKNOWN,FRESH,blueprint_evidence,FRESH,0,1,0,0,,1
/Game/Genesis/Dinos/MissionVariants/Gauntlet/Ocean/Coel_Character_BP_Gauntlet.Coel_Character_BP_Gauntlet,Coel_Character_BP_Gauntlet,/Script/Engine.Blueprint,FRESH,blueprint_evidence,FRESH,0,0,1,0,,1
/Game/Genesis/Dinos/MissionVariants/Gauntlet/Ocean/Piranha_Character_BP_Gauntlet.Piranha_Character_BP_Gauntlet,Piranha_Character_BP_Gauntlet,/Script/Engine.Blueprint,FRESH,blueprint_evidence,FRESH,0,0,1,0,,1
/Game/Genesis/Dinos/MissionVariants/Gauntlet/Ocean/Salmon_Character_BP_Gauntlet.Salmon_Character_BP_Gauntlet,Salmon_Character_BP_Gauntlet,/Script/Engine.Blueprint,FRESH,blueprint_evidence,FRESH,0,0,1,0,,1
/Game/Genesis/Missions/VRBattle/MissionServerSidePoint_VRBattleSpawnPortal.MissionServerSidePoint_VRBattleSpawnPortal,MissionServerSidePoint_VRBattleSpawnPortal,/Script/Engine.Blueprint,FRESH,blueprint_evidence,FRESH,0,1,0,0,,1
/Game/Packs/TidesOfFortune/CoreBlueprints/Milestones/BP_ProgressionGraph_Milestones_ToF.BP_ProgressionGraph_Milestones_ToF,BP_ProgressionGraph_Milestones_ToF,/Script/Engine.Blueprint,FRESH,blueprint_evidence,FRESH,0,0,1,0,,1
/Game/Packs/TidesOfFortune/Dinos/Axolotl/Cocoon/AxolotlCocoon_TooltipWidget.AxolotlCocoon_TooltipWidget,AxolotlCocoon_TooltipWidget,/Script/UMGEditor.WidgetBlueprint,FRESH,blueprint_evidence,FRESH,0,0,1,0,,1
/Game/Packs/TidesOfFortune/Dinos/Axolotl/Cocoon/DeathItemCache_AxolotlCocoon.DeathItemCache_AxolotlCocoon,DeathItemCache_AxolotlCocoon,/Script/Engine.Blueprint,FRESH,blueprint_evidence,FRESH,0,1,0,0,,1
/Game/Packs/TidesOfFortune/Items/Tools/TreasureMapBottle/Gameplay/GameplayComps/GameComp_TreasureBottle.GameComp_TreasureBottle,GameComp_TreasureBottle,/Script/Engine.Blueprint,FRESH,blueprint_evidence,FRESH,0,0,1,0,,1
/Game/Packs/TidesOfFortune/Items/Tools/TreasureMapBottle/TreasureBottle_Tier1_BP.TreasureBottle_Tier1_BP,TreasureBottle_Tier1_BP,/Script/Engine.Blueprint,FRESH,blueprint_evidence,FRESH,0,0,1,0,,1
/Game/Packs/TidesOfFortune/Items/Tools/TreasureMapBottle/TreasureBottle_Tier1_Land_BP.TreasureBottle_Tier1_Land_BP,TreasureBottle_Tier1_Land_BP,/Script/Engine.Blueprint,FRESH,blueprint_evidence,FRESH,0,0,1,0,,1
/Game/Packs/TidesOfFortune/Structures/PirateChest/SupplyCrate_BuriedTreasurePirate_Apprentice.SupplyCrate_BuriedTreasurePirate_Apprentice,SupplyCrate_BuriedTreasurePirate_Apprentice,/Script/Engine.Blueprint,FRESH,blueprint_evidence,FRESH,0,0,1,0,,1
/Game/Packs/TidesOfFortune/Structures/PirateChest/SupplyCrate_BuriedTreasurePirate_BASE.SupplyCrate_BuriedTreasurePirate_BASE,SupplyCrate_BuriedTreasurePirate_BASE,/Script/Engine.Blueprint,FRESH,blueprint_evidence,FRESH,0,0,1,0,,1
/Game/PrimalEarth/CoreBlueprints/Projectiles/ProjGrenade.ProjGrenade,ProjGrenade,/Script/Engine.Blueprint,FRESH,blueprint_evidence,FRESH,0,0,1,0,,1
/Game/PrimalEarth/CoreBlueprints/Projectiles/ProjPoisonGrenade.ProjPoisonGrenade,ProjPoisonGrenade,/Script/Engine.Blueprint,FRESH,blueprint_evidence,FRESH,0,0,1,0,,1
/Game/PrimalEarth/CoreBlueprints/Weapons/WeapGasGrenade.WeapGasGrenade,WeapGasGrenade,/Script/Engine.Blueprint,FRESH,blueprint_evidence,FRESH,0,0,1,0,,1
/Game/PrimalEarth/Dinos/Dolphin/Dolphin_Character_BP.Dolphin_Character_BP,Dolphin_Character_BP,/Script/Engine.Blueprint,FRESH,blueprint_evidence,FRESH,0,0,1,0,,1
/Game/PrimalEarth/Dinos/Manta/Manta_Character_BP.Manta_Character_BP,Manta_Character_BP,/Script/Engine.Blueprint,FRESH,blueprint_evidence,FRESH,0,0,1,0,,1
/Game/PrimalEarth/Dinos/Piranha/Piranha_Character_BP.Piranha_Character_BP,Piranha_Character_BP,/Script/Engine.Blueprint,FRESH,blueprint_evidence,FRESH,0,0,1,0,,1
/Game/PrimalEarth/Dinos/Trilobite/Trilobite_Character.Trilobite_Character,Trilobite_Character,/Script/Engine.Blueprint,FRESH,blueprint_evidence,FRESH,0,0,1,0,,1
/Game/PrimalEarth/General/GasExplosionEmitter.GasExplosionEmitter,GasExplosionEmitter,/Script/Engine.Blueprint,FRESH,blueprint_evidence,FRESH,0,1,0,0,,1
/Game/ScorchedEarth/Dinos/Wyvern/WyvProjLightingBall.WyvProjLightingBall,WyvProjLightingBall,/Script/Engine.Blueprint,FRESH,blueprint_evidence,FRESH,0,0,1,0,,1
/Game/ScorchedEarth/Dinos/Wyvern/Wyvern_Character_BP_Lightning.Wyvern_Character_BP_Lightning,Wyvern_Character_BP_Lightning,/Script/Engine.Blueprint,FRESH,blueprint_evidence,FRESH,0,0,1,0,,1
/Game/ScorchedEarth/WeaponClusterGrenade/ProjClusterGrenade.ProjClusterGrenade,ProjClusterGrenade,/Script/Engine.Blueprint,FRESH,blueprint_evidence,FRESH,0,0,1,0,,1
/Game/ScorchedEarth/WeaponClusterGrenade/ProjClusterGrenadeFragment.ProjClusterGrenadeFragment,ProjClusterGrenadeFragment,/Script/Engine.Blueprint,FRESH,blueprint_evidence,FRESH,0,0,1,0,,1
/AnimToTexture/Characters/Mannequin/BP_AnimToTexture.BP_AnimToTexture,BP_AnimToTexture,/Script/Blutility.EditorUtilityBlueprint,NOT_AVAILABLE,blueprint_evidence,NOT_MEASURED,0,0,0,0,NO_EVIDENCE_STORE,0
/AnimToTexture/Characters/Mannequin/BP_InstancerAutoPlayData.BP_InstancerAutoPlayData,BP_InstancerAutoPlayData,/Script/Engine.Blueprint,NOT_AVAILABLE,blueprint_evidence,NOT_MEASURED,0,0,0,0,NO_EVIDENCE_STORE,0
/AnimToTexture/Characters/Mannequin/BP_InstancerFrameData.BP_InstancerFrameData,BP_InstancerFrameData,/Script/Engine.Blueprint,NOT_AVAILABLE,blueprint_evidence,NOT_MEASURED,0,0,0,0,NO_EVIDENCE_STORE,0
/AnimToTexture/Characters/Mannequin/Blueprints/BP_InstancedStaticMeshBase.BP_InstancedStaticMeshBase,BP_InstancedStaticMeshBase,/Script/Engine.Blueprint,NOT_AVAILABLE,blueprint_evidence,NOT_MEASURED,0,0,0,0,NO_EVIDENCE_STORE,0
/AnimationLocomotionLibrary/AnimModifiers/SyncMarkerAnimModifier.SyncMarkerAnimModifier,SyncMarkerAnimModifier,/Script/Engine.Blueprint,NOT_AVAILABLE,blueprint_evidence,NOT_MEASURED,0,0,0,0,NO_EVIDENCE_STORE,0
/AudioWidgets/AudioButtonMatrix/AudioButtonMatrix.AudioButtonMatrix,AudioButtonMatrix,/Script/UMGEditor.WidgetBlueprint,NOT_AVAILABLE,blueprint_evidence,NOT_MEASURED,0,0,0,0,NO_EVIDENCE_STORE,0
/AudioWidgets/AudioButtonMatrix/AudioButtonMatrixColumn.AudioButtonMatrixColumn,AudioButtonMatrixColumn,/Script/UMGEditor.WidgetBlueprint,NOT_AVAILABLE,blueprint_evidence,NOT_MEASURED,0,0,0,0,NO_EVIDENCE_STORE,0
/AudioWidgets/AudioButtonToggle/AudioButtonToggle.AudioButtonToggle,AudioButtonToggle,/Script/UMGEditor.WidgetBlueprint,NOT_AVAILABLE,blueprint_evidence,NOT_MEASURED,0,0,0,0,NO_EVIDENCE_STORE,0
/AudioWidgets/AudioFader/AudioFader.AudioFader,AudioFader,/Script/UMGEditor.WidgetBlueprint,NOT_AVAILABLE,blueprint_evidence,NOT_MEASURED,0,0,0,0,NO_EVIDENCE_STORE,0
/AudioWidgets/AudioKnobLarge/AudioKnobLarge.AudioKnobLarge,AudioKnobLarge,/Script/UMGEditor.WidgetBlueprint,NOT_AVAILABLE,blueprint_evidence,NOT_MEASURED,0,0,0,0,NO_EVIDENCE_STORE,0
/AudioWidgets/AudioKnobSmall/AudioKnobSmall.AudioKnobSmall,AudioKnobSmall,/Script/UMGEditor.WidgetBlueprint,NOT_AVAILABLE,blueprint_evidence,NOT_MEASURED,0,0,0,0,NO_EVIDENCE_STORE,0
/AudioWidgets/AudioTextBox/AudioTextBox.AudioTextBox,AudioTextBox,/Script/UMGEditor.WidgetBlueprint,NOT_AVAILABLE,blueprint_evidence,NOT_MEASURED,0,0,0,0,NO_EVIDENCE_STORE,0
/AudioWidgets/SubmixEffects/SubmixEffectDelayPresetWidget.SubmixEffectDelayPresetWidget,SubmixEffectDelayPresetWidget,/Script/UMGEditor.WidgetBlueprint,NOT_AVAILABLE,blueprint_evidence,NOT_MEASURED,0,0,0,0,NO_EVIDENCE_STORE,0
/ChaosClothAsset/BP_Cloth_Asset_Export.BP_Cloth_Asset_Export,BP_Cloth_Asset_Export,/Script/Blutility.EditorUtilityBlueprint,NOT_AVAILABLE,blueprint_evidence,NOT_MEASURED,0,0,0,0,NO_EVIDENCE_STORE,0
/ChaosNiagara/ChaosDestructionListenerActor.ChaosDestructionListenerActor,ChaosDestructionListenerActor,/Script/Engine.Blueprint,NOT_AVAILABLE,blueprint_evidence,NOT_MEASURED,0,0,0,0,NO_EVIDENCE_STORE,0
/ChaosVD/BP_CVD_SkySphere.BP_CVD_SkySphere,BP_CVD_SkySphere,/Script/Engine.Blueprint,NOT_AVAILABLE,blueprint_evidence,NOT_MEASURED,0,0,0,0,NO_EVIDENCE_STORE,0
/CineCameraRigs/RigRail/CineCameraRigRail_POC_Widget.CineCameraRigRail_POC_Widget,CineCameraRigRail_POC_Widget,/Script/Blutility.EditorUtilityWidgetBlueprint,NOT_AVAILABLE,blueprint_evidence,NOT_MEASURED,0,0,0,0,NO_EVIDENCE_STORE,0
/CircularDependenciesDetector/CircularDep/CircularDependencies_EWBP.CircularDependencies_EWBP,CircularDependencies_EWBP,/Script/Blutility.EditorUtilityWidgetBlueprint,NOT_AVAILABLE,blueprint_evidence,NOT_MEASURED,0,0,0,0,NO_EVIDENCE_STORE,0
/CircularDependenciesDetector/CircularDep/Helpers/CDD_Plugin_Item.CDD_Plugin_Item,CDD_Plugin_Item,/Script/Engine.Blueprint,NOT_AVAILABLE,blueprint_evidence,NOT_MEASURED,0,0,0,0,NO_EVIDENCE_STORE,0
/CircularDependenciesDetector/CircularDep/Helpers/CDD_Plugin_WBP.CDD_Plugin_WBP,CDD_Plugin_WBP,/Script/UMGEditor.WidgetBlueprint,NOT_AVAILABLE,blueprint_evidence,NOT_MEASURED,0,0,0,0,NO_EVIDENCE_STORE,0
/CircularDependenciesDetector/CircularDep/Helpers/CircularDependency_Item.CircularDependency_Item,CircularDependency_Item,/Script/Engine.Blueprint,NOT_AVAILABLE,blueprint_evidence,NOT_MEASURED,0,0,0,0,NO_EVIDENCE_STORE,0
/CircularDependenciesDetector/CircularDep/Helpers/CircularDependency_WBP.CircularDependency_WBP,CircularDependency_WBP,/Script/UMGEditor.WidgetBlueprint,NOT_AVAILABLE,blueprint_evidence,NOT_MEASURED,0,0,0,0,NO_EVIDENCE_STORE,0
/CircularDependenciesDetector/CircularDep/Helpers/CircularInvolvedAsset_WBP.CircularInvolvedAsset_WBP,CircularInvolvedAsset_WBP,/Script/UMGEditor.WidgetBlueprint,NOT_AVAILABLE,blueprint_evidence,NOT_MEASURED,0,0,0,0,NO_EVIDENCE_STORE,0
/CircularDependenciesDetector/CircularDep/Helpers/ExcludedAsset_Item.ExcludedAsset_Item,ExcludedAsset_Item,/Script/Engine.Blueprint,NOT_AVAILABLE,blueprint_evidence,NOT_MEASURED,0,0,0,0,NO_EVIDENCE_STORE,0
/ConcertSyncClient/DesktopPresence.DesktopPresence,DesktopPresence,/Script/Engine.Blueprint,NOT_AVAILABLE,blueprint_evidence,NOT_MEASURED,0,0,0,0,NO_EVIDENCE_STORE,0
/ConcertSyncClient/VRPresence.VRPresence,VRPresence,/Script/Engine.Blueprint,NOT_AVAILABLE,blueprint_evidence,NOT_MEASURED,0,0,0,0,NO_EVIDENCE_STORE,0
/ControlRig/Modules/Root.Root,Root,/Script/ControlRigDeveloper.ControlRigBlueprint,NOT_AVAILABLE,blueprint_evidence,NOT_MEASURED,0,0,0,0,NO_EVIDENCE_STORE,0
/ControlRig/StandardFunctionLibrary/StandardFunctionLibrary.StandardFunctionLibrary,StandardFunctionLibrary,/Script/ControlRigDeveloper.ControlRigBlueprint,NOT_AVAILABLE,blueprint_evidence,NOT_MEASURED,0,0,0,0,NO_EVIDENCE_STORE,0
/ControlRigModules/Modules/AddControl.AddControl,AddControl,/Script/ControlRigDeveloper.ControlRigBlueprint,NOT_AVAILABLE,blueprint_evidence,NOT_MEASURED,0,0,0,0,NO_EVIDENCE_STORE,0
/ControlRigModules/Modules/AnimalNeck.AnimalNeck,AnimalNeck,/Script/ControlRigDeveloper.ControlRigBlueprint,NOT_AVAILABLE,blueprint_evidence,NOT_MEASURED,0,0,0,0,NO_EVIDENCE_STORE,0
/ControlRigModules/Modules/AnimalSpine.AnimalSpine,AnimalSpine,/Script/ControlRigDeveloper.ControlRigBlueprint,NOT_AVAILABLE,blueprint_evidence,NOT_MEASURED,0,0,0,0,NO_EVIDENCE_STORE,0
/ControlRigModules/Modules/Arm.Arm,Arm,/Script/ControlRigDeveloper.ControlRigBlueprint,NOT_AVAILABLE,blueprint_evidence,NOT_MEASURED,0,0,0,0,NO_EVIDENCE_STORE,0
/ControlRigModules/Modules/Chain.Chain,Chain,/Script/ControlRigDeveloper.ControlRigBlueprint,NOT_AVAILABLE,blueprint_evidence,NOT_MEASURED,0,0,0,0,NO_EVIDENCE_STORE,0
/ControlRigModules/Modules/Constraint.Constraint,Constraint,/Script/ControlRigDeveloper.ControlRigBlueprint,NOT_AVAILABLE,blueprint_evidence,NOT_MEASURED,0,0,0,0,NO_EVIDENCE_STORE,0
/ControlRigModules/Modules/Finger.Finger,Finger,/Script/ControlRigDeveloper.ControlRigBlueprint,NOT_AVAILABLE,blueprint_evidence,NOT_MEASURED,0,0,0,0,NO_EVIDENCE_STORE,0
/ControlRigModules/Modules/Foot.Foot,Foot,/Script/ControlRigDeveloper.ControlRigBlueprint,NOT_AVAILABLE,blueprint_evidence,NOT_MEASURED,0,0,0,0,NO_EVIDENCE_STORE,0
/ControlRigModules/Modules/HindLeg.HindLeg,HindLeg,/Script/ControlRigDeveloper.ControlRigBlueprint,NOT_AVAILABLE,blueprint_evidence,NOT_MEASURED,0,0,0,0,NO_EVIDENCE_STORE,0
/ControlRigModules/Modules/Hinge.Hinge,Hinge,/Script/ControlRigDeveloper.ControlRigBlueprint,NOT_AVAILABLE,blueprint_evidence,NOT_MEASURED,0,0,0,0,NO_EVIDENCE_STORE,0
/ControlRigModules/Modules/Leg.Leg,Leg,/Script/ControlRigDeveloper.ControlRigBlueprint,NOT_AVAILABLE,blueprint_evidence,NOT_MEASURED,0,0,0,0,NO_EVIDENCE_STORE,0
/ControlRigModules/Modules/Neck.Neck,Neck,/Script/ControlRigDeveloper.ControlRigBlueprint,NOT_AVAILABLE,blueprint_evidence,NOT_MEASURED,0,0,0,0,NO_EVIDENCE_STORE,0
/ControlRigModules/Modules/Piston.Piston,Piston,/Script/ControlRigDeveloper.ControlRigBlueprint,NOT_AVAILABLE,blueprint_evidence,NOT_MEASURED,0,0,0,0,NO_EVIDENCE_STORE,0
/ControlRigModules/Modules/PivotProxy.PivotProxy,PivotProxy,/Script/ControlRigDeveloper.ControlRigBlueprint,NOT_AVAILABLE,blueprint_evidence,NOT_MEASURED,0,0,0,0,NO_EVIDENCE_STORE,0
/ControlRigModules/Modules/Shoulder.Shoulder,Shoulder,/Script/ControlRigDeveloper.ControlRigBlueprint,NOT_AVAILABLE,blueprint_evidence,NOT_MEASURED,0,0,0,0,NO_EVIDENCE_STORE,0
/ControlRigModules/Modules/Spine.Spine,Spine,/Script/ControlRigDeveloper.ControlRigBlueprint,NOT_AVAILABLE,blueprint_evidence,NOT_MEASURED,0,0,0,0,NO_EVIDENCE_STORE,0
/ControlRigModules/Modules/Suspension.Suspension,Suspension,/Script/ControlRigDeveloper.ControlRigBlueprint,NOT_AVAILABLE,blueprint_evidence,NOT_MEASURED,0,0,0,0,NO_EVIDENCE_STORE,0
/ControlRigModules/Modules/Tail.Tail,Tail,/Script/ControlRigDeveloper.ControlRigBlueprint,NOT_AVAILABLE,blueprint_evidence,NOT_MEASURED,0,0,0,0,NO_EVIDENCE_STORE,0
/ControlRigModules/Modules/VehiclePivotProxy.VehiclePivotProxy,VehiclePivotProxy,/Script/ControlRigDeveloper.ControlRigBlueprint,NOT_AVAILABLE,blueprint_evidence,NOT_MEASURED,0,0,0,0,NO_EVIDENCE_STORE,0
/ControlRigModules/Modules/Wheel.Wheel,Wheel,/Script/ControlRigDeveloper.ControlRigBlueprint,NOT_AVAILABLE,blueprint_evidence,NOT_MEASURED,0,0,0,0,NO_EVIDENCE_STORE,0
/ControlRigSpline/SplineFunctionLibrary/SplineFunctionLibrary.SplineFunctionLibrary,SplineFunctionLibrary,/Script/ControlRigDeveloper.ControlRigBlueprint,NOT_AVAILABLE,blueprint_evidence,NOT_MEASURED,0,0,0,0,NO_EVIDENCE_STORE,0
/CosmoCarCosmetic/CarParts/Bed/Racer/PrimalItem_Car_Bed_Racer_Cosmo.PrimalItem_Car_Bed_Racer_Cosmo,PrimalItem_Car_Bed_Racer_Cosmo,/Script/Engine.Blueprint,NOT_AVAILABLE,blueprint_evidence,NOT_MEASURED,0,0,0,0,NO_EVIDENCE_STORE,0
/CosmoCarCosmetic/CarParts/Bed/Rollcage/PrimalItem_Car_Bed_Rollcage_Cosmo.PrimalItem_Car_Bed_Rollcage_Cosmo,PrimalItem_Car_Bed_Rollcage_Cosmo,/Script/Engine.Blueprint,NOT_AVAILABLE,blueprint_evidence,NOT_MEASURED,0,0,0,0,NO_EVIDENCE_STORE,0
/CosmoCarCosmetic/CarParts/Bed/Truck/PrimalItem_Car_Bed_Truck_Cosmo.PrimalItem_Car_Bed_Truck_Cosmo,PrimalItem_Car_Bed_Truck_Cosmo,/Script/Engine.Blueprint,NOT_AVAILABLE,blueprint_evidence,NOT_MEASURED,0,0,0,0,NO_EVIDENCE_STORE,0
/CosmoCarCosmetic/CarParts/Cab/Racer/PrimalItem_Car_Cab_Racer_Cosmo.PrimalItem_Car_Cab_Racer_Cosmo,PrimalItem_Car_Cab_Racer_Cosmo,/Script/Engine.Blueprint,NOT_AVAILABLE,blueprint_evidence,NOT_MEASURED,0,0,0,0,NO_EVIDENCE_STORE,0
/CosmoCarCosmetic/CarParts/Cab/Rollcage/PrimalItem_Car_Cab_Rollcage_Cosmo.PrimalItem_Car_Cab_Rollcage_Cosmo,PrimalItem_Car_Cab_Rollcage_Cosmo,/Script/Engine.Blueprint,NOT_AVAILABLE,blueprint_evidence,NOT_MEASURED,0,0,0,0,NO_EVIDENCE_STORE,0
/CosmoCarCosmetic/CarParts/Cab/Truck/PrimalItem_Car_Cab_Truck_Cosmo.PrimalItem_Car_Cab_Truck_Cosmo,PrimalItem_Car_Cab_Truck_Cosmo,/Script/Engine.Blueprint,NOT_AVAILABLE,blueprint_evidence,NOT_MEASURED,0,0,0,0,NO_EVIDENCE_STORE,0
/CosmoCarCosmetic/CarParts/Chassis/Main/PrimalItem_Car_Chassis_Main_Cosmo.PrimalItem_Car_Chassis_Main_Cosmo,PrimalItem_Car_Chassis_Main_Cosmo,/Script/Engine.Blueprint,NOT_AVAILABLE,blueprint_evidence,NOT_MEASURED,0,0,0,0,NO_EVIDENCE_STORE,0
/CosmoCarCosmetic/CarParts/EngineCompartment/Racer/PrimalItem_Car_Engine_Racer_Cosmo.PrimalItem_Car_Engine_Racer_Cosmo,PrimalItem_Car_Engine_Racer_Cosmo,/Script/Engine.Blueprint,NOT_AVAILABLE,blueprint_evidence,NOT_MEASURED,0,0,0,0,NO_EVIDENCE_STORE,0
/CosmoCarCosmetic/CarParts/EngineCompartment/Rollcage/PrimalItem_Car_Engine_Rollcage_Cosmo.PrimalItem_Car_Engine_Rollcage_Cosmo,PrimalItem_Car_Engine_Rollcage_Cosmo,/Script/Engine.Blueprint,NOT_AVAILABLE,blueprint_evidence,NOT_MEASURED,0,0,0,0,NO_EVIDENCE_STORE,0
/CosmoCarCosmetic/CarParts/EngineCompartment/Truck/PrimalItem_Car_Engine_Truck_Cosmo.PrimalItem_Car_Engine_Truck_Cosmo,PrimalItem_Car_Engine_Truck_Cosmo,/Script/Engine.Blueprint,NOT_AVAILABLE,blueprint_evidence,NOT_MEASURED,0,0,0,0,NO_EVIDENCE_STORE,0
/CosmoCarCosmetic/CarParts/FrontEndMod/Armor/PrimalItem_Car_Frontmod_Armor_Cosmo.PrimalItem_Car_Frontmod_Armor_Cosmo,PrimalItem_Car_Frontmod_Armor_Cosmo,/Script/Engine.Blueprint,NOT_AVAILABLE,blueprint_evidence,NOT_MEASURED,0,0,0,0,NO_EVIDENCE_STORE,0
/CosmoCarCosmetic/CarParts/FrontEndMod/CowCatcher/PrimalItem_Car_Frontmod_CowCatcher_Cosmo.PrimalItem_Car_Frontmod_CowCatcher_Cosmo,PrimalItem_Car_Frontmod_CowCatcher_Cosmo,/Script/Engine.Blueprint,NOT_AVAILABLE,blueprint_evidence,NOT_MEASURED,0,0,0,0,NO_EVIDENCE_STORE,0
/CosmoCarCosmetic/CarParts/FrontEndMod/Spikes/PrimalItem_Car_Frontmod_Spikes_Cosmo.PrimalItem_Car_Frontmod_Spikes_Cosmo,PrimalItem_Car_Frontmod_Spikes_Cosmo,/Script/Engine.Blueprint,NOT_AVAILABLE,blueprint_evidence,NOT_MEASURED,0,0,0,0,NO_EVIDENCE_STORE,0
/CosmoCarCosmetic/CarParts/PrimalItem_CosmoCar_Racer_Fullbody.PrimalItem_CosmoCar_Racer_Fullbody,PrimalItem_CosmoCar_Racer_Fullbody,/Script/Engine.Blueprint,NOT_AVAILABLE,blueprint_evidence,NOT_MEASURED,0,0,0,0,NO_EVIDENCE_STORE,0
/CosmoCarCosmetic/CarParts/RearEndMod/Afterburner/PrimalItem_Car_Rearmod_Afterburner_Cosmo.PrimalItem_Car_Rearmod_Afterburner_Cosmo,PrimalItem_Car_Rearmod_Afterburner_Cosmo,/Script/Engine.Blueprint,NOT_AVAILABLE,blueprint_evidence,NOT_MEASURED,0,0,0,0,NO_EVIDENCE_STORE,0
/CosmoCarCosmetic/CarParts/RearEndMod/Hook/PrimalItem_Car_Rearmod_Hook_Cosmo.PrimalItem_Car_Rearmod_Hook_Cosmo,PrimalItem_Car_Rearmod_Hook_Cosmo,/Script/Engine.Blueprint,NOT_AVAILABLE,blueprint_evidence,NOT_MEASURED,0,0,0,0,NO_EVIDENCE_STORE,0
/CosmoCarCosmetic/CarParts/RearEndMod/Smoke/PrimalItem_Car_Rearmod_Smoke_Cosmo.PrimalItem_Car_Rearmod_Smoke_Cosmo,PrimalItem_Car_Rearmod_Smoke_Cosmo,/Script/Engine.Blueprint,NOT_AVAILABLE,blueprint_evidence,NOT_MEASURED,0,0,0,0,NO_EVIDENCE_STORE,0
/CosmoCarCosmetic/CarParts/WheelsAndSuspension/Racer/PrimalItem_Car_Wheels_Racer_Cosmo.PrimalItem_Car_Wheels_Racer_Cosmo,PrimalItem_Car_Wheels_Racer_Cosmo,/Script/Engine.Blueprint,NOT_AVAILABLE,blueprint_evidence,NOT_MEASURED,0,0,0,0,NO_EVIDENCE_STORE,0
/CosmoCarCosmetic/CarParts/WheelsAndSuspension/RollCage/PrimalItem_Car_Wheels_Rollcage_Cosmo.PrimalItem_Car_Wheels_Rollcage_Cosmo,PrimalItem_Car_Wheels_Rollcage_Cosmo,/Script/Engine.Blueprint,NOT_AVAILABLE,blueprint_evidence,NOT_MEASURED,0,0,0,0,NO_EVIDENCE_STORE,0
/CosmoCarCosmetic/CarParts/WheelsAndSuspension/Truck/PrimalItem_Car_Wheels_Truck_Cosmo.PrimalItem_Car_Wheels_Truck_Cosmo,PrimalItem_Car_Wheels_Truck_Cosmo,/Script/Engine.Blueprint,NOT_AVAILABLE,blueprint_evidence,NOT_MEASURED,0,0,0,0,NO_EVIDENCE_STORE,0
/CosmoCarCosmetic/PrimalGameData_BP_CosmoCarCosmetic.PrimalGameData_BP_CosmoCarCosmetic,PrimalGameData_BP_CosmoCarCosmetic,/Script/Engine.Blueprint,NOT_AVAILABLE,blueprint_evidence,NOT_MEASURED,0,0,0,0,NO_EVIDENCE_STORE,0
/CosmoCarCosmetic/TestMapArea_CosmoCarCosmetic.TestMapArea_CosmoCarCosmetic,TestMapArea_CosmoCarCosmetic,/Script/Engine.World,NOT_AVAILABLE,blueprint_evidence,NOT_MEASURED,0,0,0,0,NO_EVIDENCE_STORE,0
/DatasmithContent/Blueprints/FBXImporter/Animation/ImportedSequencesHelper.ImportedSequencesHelper,ImportedSequencesHelper,/Script/Engine.Blueprint,NOT_AVAILABLE,blueprint_evidence,NOT_MEASURED,0,0,0,0,NO_EVIDENCE_STORE,0
/DatasmithContent/Blueprints/FBXImporter/UI/AnimationSampleUI.AnimationSampleUI,AnimationSampleUI,/Script/UMGEditor.WidgetBlueprint,NOT_AVAILABLE,blueprint_evidence,NOT_MEASURED,0,0,0,0,NO_EVIDENCE_STORE,0
/DatasmithContent/Datasmith/DatasmithActor.DatasmithActor,DatasmithActor,/Script/Engine.Blueprint,NOT_AVAILABLE,blueprint_evidence,NOT_MEASURED,0,0,0,0,NO_EVIDENCE_STORE,0
/DatasmithContent/Datasmith/DatasmithAreaLight.DatasmithAreaLight,DatasmithAreaLight,/Script/Engine.Blueprint,NOT_AVAILABLE,blueprint_evidence,NOT_MEASURED,0,0,0,0,NO_EVIDENCE_STORE,0
/DatasmithContent/Datasmith/DatasmithArealightMesh.DatasmithAreaLightMesh,DatasmithAreaLightMesh,/Script/Engine.Blueprint,NOT_AVAILABLE,blueprint_evidence,NOT_MEASURED,0,0,0,0,NO_EVIDENCE_STORE,0
/DatasmithContent/Datasmith/DatasmithLayer.DatasmithLayer,DatasmithLayer,/Script/Engine.Blueprint,NOT_AVAILABLE,blueprint_evidence,NOT_MEASURED,0,0,0,0,NO_EVIDENCE_STORE,0
/DatasmithContent/Datasmith/DatasmithSelector.DatasmithSelector,DatasmithSelector,/Script/Engine.Blueprint,NOT_AVAILABLE,blueprint_evidence,NOT_MEASURED,0,0,0,0,NO_EVIDENCE_STORE,0
/DatasmithContent/Materials/StdDecal/BP_DecalTestPOM.BP_DecalTestPOM,BP_DecalTestPOM,/Script/Engine.Blueprint,NOT_AVAILABLE,blueprint_evidence,NOT_MEASURED,0,0,0,0,NO_EVIDENCE_STORE,0
/DinoDefense/2DPlatformer/BP_SequenceTrigger.BP_SequenceTrigger,BP_SequenceTrigger,/Script/Engine.Blueprint,NOT_AVAILABLE,blueprint_evidence,NOT_MEASURED,0,0,0,0,NO_EVIDENCE_STORE,0
/DinoDefense/2DPlatformer/BP_SimpleEndGameTrigger.BP_SimpleEndGameTrigger,BP_SimpleEndGameTrigger,/Script/Engine.Blueprint,NOT_AVAILABLE,blueprint_evidence,NOT_MEASURED,0,0,0,0,NO_EVIDENCE_STORE,0
/DinoDefense/2DPlatformer/Camera/BasicCameraShake.BasicCameraShake,BasicCameraShake,/Script/Engine.Blueprint,NOT_AVAILABLE,blueprint_evidence,NOT_MEASURED,0,0,0,0,NO_EVIDENCE_STORE,0
/DinoDefense/2DPlatformer/Camera/ForceLocationManager.ForceLocationManager,ForceLocationManager,/Script/Engine.Blueprint,NOT_AVAILABLE,blueprint_evidence,NOT_MEASURED,0,0,0,0,NO_EVIDENCE_STORE,0
/DinoDefense/2DPlatformer/Camera/ForceLocationManager_withCollision.ForceLocationManager_withCollision,ForceLocationManager_withCollision,/Script/Engine.Blueprint,NOT_AVAILABLE,blueprint_evidence,NOT_MEASURED,0,0,0,0,NO_EVIDENCE_STORE,0
/DinoDefense/2DPlatformer/Camera/OverrideCameraVolume_Platformer.OverrideCameraVolume_Platformer,OverrideCameraVolume_Platformer,/Script/Engine.Blueprint,NOT_AVAILABLE,blueprint_evidence,NOT_MEASURED,0,0,0,0,NO_EVIDENCE_STORE,0
/DinoDefense/2DPlatformer/Camera/SimplePlayerCamera_2DPlatformer.SimplePlayerCamera_2DPlatformer,SimplePlayerCamera_2DPlatformer,/Script/Engine.Blueprint,NOT_AVAILABLE,blueprint_evidence,NOT_MEASURED,0,0,0,0,NO_EVIDENCE_STORE,0
/DinoDefense/2DPlatformer/Characters/Duck/SK_Duck_AnimBlueprint.SK_Duck_AnimBlueprint,SK_Duck_AnimBlueprint,/Script/Engine.AnimBlueprint,NOT_AVAILABLE,blueprint_evidence,NOT_MEASURED,0,0,0,0,NO_EVIDENCE_STORE,0
/DinoDefense/2DPlatformer/Characters/Mickey/Mickey_AnimBP_Platformer.Mickey_AnimBP_Platformer,Mickey_AnimBP_Platformer,/Script/Engine.AnimBlueprint,NOT_AVAILABLE,blueprint_evidence,NOT_MEASURED,0,0,0,0,NO_EVIDENCE_STORE,0
/DinoDefense/2DPlatformer/Characters/Mickey/Mickey_PPAnimBP.Mickey_PPAnimBP,Mickey_PPAnimBP,/Script/Engine.AnimBlueprint,NOT_AVAILABLE,blueprint_evidence,NOT_MEASURED,0,0,0,0,NO_EVIDENCE_STORE,0
/DinoDefense/2DPlatformer/Characters/Minnie/Minnie_AnimBP_Platformer.Minnie_AnimBP_Platformer,Minnie_AnimBP_Platformer,/Script/Engine.AnimBlueprint,NOT_AVAILABLE,blueprint_evidence,NOT_MEASURED,0,0,0,0,NO_EVIDENCE_STORE,0
/DinoDefense/2DPlatformer/Characters/Minnie/Minnie_CtrlRig.Minnie_CtrlRig,Minnie_CtrlRig,/Script/ControlRigDeveloper.ControlRigBlueprint,NOT_AVAILABLE,blueprint_evidence,NOT_MEASURED,0,0,0,0,NO_EVIDENCE_STORE,0
/DinoDefense/2DPlatformer/Characters/Minnie/Minnie_PPAnimBP.Minnie_PPAnimBP,Minnie_PPAnimBP,/Script/Engine.AnimBlueprint,NOT_AVAILABLE,blueprint_evidence,NOT_MEASURED,0,0,0,0,NO_EVIDENCE_STORE,0
/DinoDefense/2DPlatformer/Characters/Pete/Animations/BigPeteBossCharacterAnimBP_Platformer.BigPeteBossCharacterAnimBP_Platformer,BigPeteBossCharacterAnimBP_Platformer,/Script/Engine.AnimBlueprint,NOT_AVAILABLE,blueprint_evidence,NOT_MEASURED,0,0,0,0,NO_EVIDENCE_STORE,0
/DinoDefense/2DPlatformer/Characters/Pete/Animations/PeteBossCharacterAnimBP_Platformer.PeteBossCharacterAnimBP_Platformer,PeteBossCharacterAnimBP_Platformer,/Script/Engine.AnimBlueprint,NOT_AVAILABLE,blueprint_evidence,NOT_MEASURED,0,0,0,0,NO_EVIDENCE_STORE,0
/DinoDefense/2DPlatformer/Characters/Pete/Animations/PeteCharacterAnimBP_Platformer.PeteCharacterAnimBP_Platformer,PeteCharacterAnimBP_Platformer,/Script/Engine.AnimBlueprint,NOT_AVAILABLE,blueprint_evidence,NOT_MEASURED,0,0,0,0,NO_EVIDENCE_STORE,0
/DinoDefense/2DPlatformer/Characters/Pete/Animations/PeteCousinCharacterAnimBP_Platformer1.PeteCousinCharacterAnimBP_Platformer1,PeteCousinCharacterAnimBP_Platformer1,/Script/Engine.AnimBlueprint,NOT_AVAILABLE,blueprint_evidence,NOT_MEASURED,0,0,0,0,NO_EVIDENCE_STORE,0
/DinoDefense/2DPlatformer/Characters/Pete/Animations/PeteMiniBossCharacterAnimBP_Platformer2.PeteMiniBossCharacterAnimBP_Platformer2,PeteMiniBossCharacterAnimBP_Platformer2,/Script/Engine.AnimBlueprint,NOT_AVAILABLE,blueprint_evidence,NOT_MEASURED,0,0,0,0,NO_EVIDENCE_STORE,0
/DinoDefense/2DPlatformer/Characters/Pete/Pete_PPAnimBP.Pete_PPAnimBP,Pete_PPAnimBP,/Script/Engine.AnimBlueprint,NOT_AVAILABLE,blueprint_evidence,NOT_MEASURED,0,0,0,0,NO_EVIDENCE_STORE,0
/DinoDefense/2DPlatformer/Characters/Pete/SK_Pete_CtrlRig.SK_Pete_CtrlRig,SK_Pete_CtrlRig,/Script/ControlRigDeveloper.ControlRigBlueprint,NOT_AVAILABLE,blueprint_evidence,NOT_MEASURED,0,0,0,0,NO_EVIDENCE_STORE,0
/DinoDefense/2DPlatformer/Characters/Pete/SK_Pete_DynamicsAnimBP.SK_Pete_DynamicsAnimBP,SK_Pete_DynamicsAnimBP,/Script/Engine.AnimBlueprint,NOT_AVAILABLE,blueprint_evidence,NOT_MEASURED,0,0,0,0,NO_EVIDENCE_STORE,0
/DinoDefense/2DPlatformer/Characters/Pete/SK_Pete_Lvl1_SEQ_AnimBP.SK_Pete_Lvl1_SEQ_AnimBP,SK_Pete_Lvl1_SEQ_AnimBP,/Script/Engine.AnimBlueprint,NOT_AVAILABLE,blueprint_evidence,NOT_MEASURED,0,0,0,0,NO_EVIDENCE_STORE,0
/DinoDefense/2DPlatformer/Characters/Pete/SK_Pete_Lvl1_SEQ_CtrlRig.SK_Pete_Lvl1_SEQ_CtrlRig,SK_Pete_Lvl1_SEQ_CtrlRig,/Script/ControlRigDeveloper.ControlRigBlueprint,NOT_AVAILABLE,blueprint_evidence,NOT_MEASURED,0,0,0,0,NO_EVIDENCE_STORE,0
/DinoDefense/2DPlatformer/Characters/Raptor/RaptorCharacter_2DPlatformer.RaptorCharacter_2DPlatformer,RaptorCharacter_2DPlatformer,/Script/Engine.Blueprint,NOT_AVAILABLE,blueprint_evidence,NOT_MEASURED,0,0,0,0,NO_EVIDENCE_STORE,0
/DinoDefense/2DPlatformer/Effects/BP_MovieScreen.BP_MovieScreen,BP_MovieScreen,/Script/Engine.Blueprint,NOT_AVAILABLE,blueprint_evidence,NOT_MEASURED,0,0,0,0,NO_EVIDENCE_STORE,0
/DinoDefense/2DPlatformer/Effects/Global_PostProcess_Blueprint.Global_PostProcess_Blueprint,Global_PostProcess_Blueprint,/Script/Engine.Blueprint,NOT_AVAILABLE,blueprint_evidence,NOT_MEASURED,0,0,0,0,NO_EVIDENCE_STORE,0
/DinoDefense/2DPlatformer/Effects/LensAndFilmPostProcess/Blueprints/LensAndFilmPostProcess.LensAndFilmPostProcess,LensAndFilmPostProcess,/Script/Engine.Blueprint,NOT_AVAILABLE,blueprint_evidence,NOT_MEASURED,0,0,0,0,NO_EVIDENCE_STORE,0
/DinoDefense/2DPlatformer/Effects/LensAndFilmPostProcess_Global.LensAndFilmPostProcess_Global,LensAndFilmPostProcess_Global,/Script/Engine.Blueprint,NOT_AVAILABLE,blueprint_evidence,NOT_MEASURED,0,0,0,0,NO_EVIDENCE_STORE,0
/DinoDefense/2DPlatformer/Effects/LensAndFilmPostProcess_Global_MainMenu.LensAndFilmPostProcess_Global_MainMenu,LensAndFilmPostProcess_Global_MainMenu,/Script/Engine.Blueprint,NOT_AVAILABLE,blueprint_evidence,NOT_MEASURED,0,0,0,0,NO_EVIDENCE_STORE,0
/DinoDefense/2DPlatformer/Effects/LensAndFilmPostProcess_Level1.LensAndFilmPostProcess_Level1,LensAndFilmPostProcess_Level1,/Script/Engine.Blueprint,NOT_AVAILABLE,blueprint_evidence,NOT_MEASURED,0,0,0,0,NO_EVIDENCE_STORE,0
/DinoDefense/2DPlatformer/Effects/LensAndFilmPostProcess_Level2.LensAndFilmPostProcess_Level2,LensAndFilmPostProcess_Level2,/Script/Engine.Blueprint,NOT_AVAILABLE,blueprint_evidence,NOT_MEASURED,0,0,0,0,NO_EVIDENCE_STORE,0
/DinoDefense/2DPlatformer/Effects/LensAndFilmPostProcess_Theater.LensAndFilmPostProcess_Theater,LensAndFilmPostProcess_Theater,/Script/Engine.Blueprint,NOT_AVAILABLE,blueprint_evidence,NOT_MEASURED,0,0,0,0,NO_EVIDENCE_STORE,0
/DinoDefense/2DPlatformer/Environment/Checkpoint_Flag/SK_CheckpointFlag_CtrlRig.SK_CheckpointFlag_CtrlRig,SK_CheckpointFlag_CtrlRig,/Script/ControlRigDeveloper.ControlRigBlueprint,NOT_AVAILABLE,blueprint_evidence,NOT_MEASURED,0,0,0,0,NO_EVIDENCE_STORE,0
/DinoDefense/2DPlatformer/Environment/Checkpoint_Flag/SK_steamboat_Flag_Skeleton_AnimBP.SK_steamboat_Flag_Skeleton_AnimBP,SK_steamboat_Flag_Skeleton_AnimBP,/Script/Engine.AnimBlueprint,NOT_AVAILABLE,blueprint_evidence,NOT_MEASURED,0,0,0,0,NO_EVIDENCE_STORE,0
/DinoDefense/2DPlatformer/Environment/Fracture_Meshes/BP_Steamboat_Barrel.BP_Steamboat_Barrel,BP_Steamboat_Barrel,/Script/Engine.Blueprint,NOT_AVAILABLE,blueprint_evidence,NOT_MEASURED,0,0,0,0,NO_EVIDENCE_STORE,0
/DinoDefense/2DPlatformer/Environment/Fracture_Meshes/BP_Steamboat_Dock_B.BP_Steamboat_Dock_B,BP_Steamboat_Dock_B,/Script/Engine.Blueprint,NOT_AVAILABLE,blueprint_evidence,NOT_MEASURED,0,0,0,0,NO_EVIDENCE_STORE,0
/DinoDefense/2DPlatformer/Environment/Fracture_Meshes/BP_Steamboat_Willie_Dock.BP_Steamboat_Willie_Dock,BP_Steamboat_Willie_Dock,/Script/Engine.Blueprint,NOT_AVAILABLE,blueprint_evidence,NOT_MEASURED,0,0,0,0,NO_EVIDENCE_STORE,0
/DinoDefense/2DPlatformer/Environment/Fracture_Meshes/BP_Steamboat_Willie_Dock_Doorway.BP_Steamboat_Willie_Dock_Doorway,BP_Steamboat_Willie_Dock_Doorway,/Script/Engine.Blueprint,NOT_AVAILABLE,blueprint_evidence,NOT_MEASURED,0,0,0,0,NO_EVIDENCE_STORE,0
/DinoDefense/2DPlatformer/Environment/Fracture_Meshes/BP_Steamboat_Willie_Dock_Pillar_1.BP_Steamboat_Willie_Dock_Pillar_1,BP_Steamboat_Willie_Dock_Pillar_1,/Script/Engine.Blueprint,NOT_AVAILABLE,blueprint_evidence,NOT_MEASURED,0,0,0,0,NO_EVIDENCE_STORE,0
/DinoDefense/2DPlatformer/Environment/Fracture_Meshes/BP_Steamboat_Willie_Dock_Pillar_2.BP_Steamboat_Willie_Dock_Pillar_2,BP_Steamboat_Willie_Dock_Pillar_2,/Script/Engine.Blueprint,NOT_AVAILABLE,blueprint_evidence,NOT_MEASURED,0,0,0,0,NO_EVIDENCE_STORE,0
/DinoDefense/2DPlatformer/Environment/Fracture_Meshes/BP_Steamboat_Willie_Dock_Wall.BP_Steamboat_Willie_Dock_Wall,BP_Steamboat_Willie_Dock_Wall,/Script/Engine.Blueprint,NOT_AVAILABLE,blueprint_evidence,NOT_MEASURED,0,0,0,0,NO_EVIDENCE_STORE,0
/DinoDefense/2DPlatformer/Environment/Fracture_Meshes/BP_Steamboat_Willie_Floor.BP_Steamboat_Willie_Floor,BP_Steamboat_Willie_Floor,/Script/Engine.Blueprint,NOT_AVAILABLE,blueprint_evidence,NOT_MEASURED,0,0,0,0,NO_EVIDENCE_STORE,0
/DinoDefense/2DPlatformer/Environment/Fracture_Meshes/BP_Steamboat_Willie_HayCart.BP_Steamboat_Willie_HayCart,BP_Steamboat_Willie_HayCart,/Script/Engine.Blueprint,NOT_AVAILABLE,blueprint_evidence,NOT_MEASURED,0,0,0,0,NO_EVIDENCE_STORE,0
/DinoDefense/2DPlatformer/Environment/Fracture_Meshes/BP_Steamboat_Willie_Pillar_3.BP_Steamboat_Willie_Pillar_3,BP_Steamboat_Willie_Pillar_3,/Script/Engine.Blueprint,NOT_AVAILABLE,blueprint_evidence,NOT_MEASURED,0,0,0,0,NO_EVIDENCE_STORE,0
/DinoDefense/2DPlatformer/Environment/Fracture_Meshes/BP_Steamboat_Willie_Porthole_Wall.BP_Steamboat_Willie_Porthole_Wall,BP_Steamboat_Willie_Porthole_Wall,/Script/Engine.Blueprint,NOT_AVAILABLE,blueprint_evidence,NOT_MEASURED,0,0,0,0,NO_EVIDENCE_STORE,0
/DinoDefense/2DPlatformer/Environment/Fracture_Meshes/BP_Steamboat_Willie_Stairway.BP_Steamboat_Willie_Stairway,BP_Steamboat_Willie_Stairway,/Script/Engine.Blueprint,NOT_AVAILABLE,blueprint_evidence,NOT_MEASURED,0,0,0,0,NO_EVIDENCE_STORE,0
/DinoDefense/2DPlatformer/Environment/Fracture_Meshes/BP_Steamboat_rowboat.BP_Steamboat_rowboat,BP_Steamboat_rowboat,/Script/Engine.Blueprint,NOT_AVAILABLE,blueprint_evidence,NOT_MEASURED,0,0,0,0,NO_EVIDENCE_STORE,0
/DinoDefense/2DPlatformer/Environment/Fracture_Meshes/DestructibleStructures/BPStructure_Steamboat_Willie_Barrel.BPStructure_Steamboat_Willie_Barrel,BPStructure_Steamboat_Willie_Barrel,/Script/Engine.Blueprint,NOT_AVAILABLE,blueprint_evidence,NOT_MEASURED,0,0,0,0,NO_EVIDENCE_STORE,0
/DinoDefense/2DPlatformer/Environment/Fracture_Meshes/DestructibleStructures/BPStructure_Steamboat_Willie_Dock.BPStructure_Steamboat_Willie_Dock,BPStructure_Steamboat_Willie_Dock,/Script/Engine.Blueprint,NOT_AVAILABLE,blueprint_evidence,NOT_MEASURED,0,0,0,0,NO_EVIDENCE_STORE,0
/DinoDefense/2DPlatformer/Environment/Fracture_Meshes/DestructibleStructures/BPStructure_Steamboat_Willie_DockB.BPStructure_Steamboat_Willie_DockB,BPStructure_Steamboat_Willie_DockB,/Script/Engine.Blueprint,NOT_AVAILABLE,blueprint_evidence,NOT_MEASURED,0,0,0,0,NO_EVIDENCE_STORE,0
/DinoDefense/2DPlatformer/Environment/Fracture_Meshes/DestructibleStructures/BPStructure_Steamboat_Willie_Doorway.BPStructure_Steamboat_Willie_Doorway,BPStructure_Steamboat_Willie_Doorway,/Script/Engine.Blueprint,NOT_AVAILABLE,blueprint_evidence,NOT_MEASURED,0,0,0,0,NO_EVIDENCE_STORE,0
/DinoDefense/2DPlatformer/Environment/Fracture_Meshes/DestructibleStructures/BPStructure_Steamboat_Willie_Floor.BPStructure_Steamboat_Willie_Floor,BPStructure_Steamboat_Willie_Floor,/Script/Engine.Blueprint,NOT_AVAILABLE,blueprint_evidence,NOT_MEASURED,0,0,0,0,NO_EVIDENCE_STORE,0
/DinoDefense/2DPlatformer/Environment/Fracture_Meshes/DestructibleStructures/BPStructure_Steamboat_Willie_HayCart.BPStructure_Steamboat_Willie_HayCart,BPStructure_Steamboat_Willie_HayCart,/Script/Engine.Blueprint,NOT_AVAILABLE,blueprint_evidence,NOT_MEASURED,0,0,0,0,NO_EVIDENCE_STORE,0
/DinoDefense/2DPlatformer/Environment/Fracture_Meshes/DestructibleStructures/BPStructure_Steamboat_Willie_Pillar_1.BPStructure_Steamboat_Willie_Pillar_1,BPStructure_Steamboat_Willie_Pillar_1,/Script/Engine.Blueprint,NOT_AVAILABLE,blueprint_evidence,NOT_MEASURED,0,0,0,0,NO_EVIDENCE_STORE,0
/DinoDefense/2DPlatformer/Environment/Fracture_Meshes/DestructibleStructures/BPStructure_Steamboat_Willie_Pillar_2.BPStructure_Steamboat_Willie_Pillar_2,BPStructure_Steamboat_Willie_Pillar_2,/Script/Engine.Blueprint,NOT_AVAILABLE,blueprint_evidence,NOT_MEASURED,0,0,0,0,NO_EVIDENCE_STORE,0
/DinoDefense/2DPlatformer/Environment/Fracture_Meshes/DestructibleStructures/BPStructure_Steamboat_Willie_Pillar_3.BPStructure_Steamboat_Willie_Pillar_3,BPStructure_Steamboat_Willie_Pillar_3,/Script/Engine.Blueprint,NOT_AVAILABLE,blueprint_evidence,NOT_MEASURED,0,0,0,0,NO_EVIDENCE_STORE,0
/DinoDefense/2DPlatformer/Environment/Fracture_Meshes/DestructibleStructures/BPStructure_Steamboat_Willie_Porthole_Wall.BPStructure_Steamboat_Willie_Porthole_Wall,BPStructure_Steamboat_Willie_Porthole_Wall,/Script/Engine.Blueprint,NOT_AVAILABLE,blueprint_evidence,NOT_MEASURED,0,0,0,0,NO_EVIDENCE_STORE,0
/DinoDefense/2DPlatformer/Environment/Fracture_Meshes/DestructibleStructures/BPStructure_Steamboat_Willie_RowBoat.BPStructure_Steamboat_Willie_RowBoat,BPStructure_Steamboat_Willie_RowBoat,/Script/Engine.Blueprint,NOT_AVAILABLE,blueprint_evidence,NOT_MEASURED,0,0,0,0,NO_EVIDENCE_STORE,0
/DinoDefense/2DPlatformer/Environment/Fracture_Meshes/DestructibleStructures/BPStructure_Steamboat_Willie_RowBoat_Large.BPStructure_Steamboat_Willie_RowBoat_Large,BPStructure_Steamboat_Willie_RowBoat_Large,/Script/Engine.Blueprint,NOT_AVAILABLE,blueprint_evidence,NOT_MEASURED,0,0,0,0,NO_EVIDENCE_STORE,0
/DinoDefense/2DPlatformer/Environment/Fracture_Meshes/DestructibleStructures/BPStructure_Steamboat_Willie_Stairway.BPStructure_Steamboat_Willie_Stairway,BPStructure_Steamboat_Willie_Stairway,/Script/Engine.Blueprint,NOT_AVAILABLE,blueprint_evidence,NOT_MEASURED,0,0,0,0,NO_EVIDENCE_STORE,0
/DinoDefense/2DPlatformer/Environment/Fracture_Meshes/DestructibleStructures/BPStructure_Steamboat_Willie_Wall.BPStructure_Steamboat_Willie_Wall,BPStructure_Steamboat_Willie_Wall,/Script/Engine.Blueprint,NOT_AVAILABLE,blueprint_evidence,NOT_MEASURED,0,0,0,0,NO_EVIDENCE_STORE,0
/DinoDefense/2DPlatformer/Environment/Fracture_Meshes/DestructibleStructures/Structure_WithGeoCollection_Platformer.Structure_WithGeoCollection_Platformer,Structure_WithGeoCollection_Platformer,/Script/Engine.Blueprint,NOT_AVAILABLE,blueprint_evidence,NOT_MEASURED,0,0,0,0,NO_EVIDENCE_STORE,0
/DinoDefense/2DPlatformer/Environment/Sky/BP_Sky.BP_Sky,BP_Sky,/Script/Engine.Blueprint,NOT_AVAILABLE,blueprint_evidence,NOT_MEASURED,0,0,0,0,NO_EVIDENCE_STORE,0
/DinoDefense/2DPlatformer/Environment/Sky/BP_Sky_Level1.BP_Sky_Level1,BP_Sky_Level1,/Script/Engine.Blueprint,NOT_AVAILABLE,blueprint_evidence,NOT_MEASURED,0,0,0,0,NO_EVIDENCE_STORE,0
/DinoDefense/2DPlatformer/Environment/Sky/BP_Sky_Level2.BP_Sky_Level2,BP_Sky_Level2,/Script/Engine.Blueprint,NOT_AVAILABLE,blueprint_evidence,NOT_MEASURED,0,0,0,0,NO_EVIDENCE_STORE,0
/DinoDefense/2DPlatformer/Environment/Sky/BP_Sky_Level4.BP_Sky_Level4,BP_Sky_Level4,/Script/Engine.Blueprint,NOT_AVAILABLE,blueprint_evidence,NOT_MEASURED,0,0,0,0,NO_EVIDENCE_STORE,0
/DinoDefense/2DPlatformer/Environment/Steamboat/ABP_SKMesh_Steamboat.ABP_SKMesh_Steamboat,ABP_SKMesh_Steamboat,/Script/Engine.AnimBlueprint,NOT_AVAILABLE,blueprint_evidence,NOT_MEASURED,0,0,0,0,NO_EVIDENCE_STORE,0
/DinoDefense/2DPlatformer/Environment/Steamboat/ABP_SKMesh_Steamboat_Lvl2.ABP_SKMesh_Steamboat_Lvl2,ABP_SKMesh_Steamboat_Lvl2,/Script/Engine.AnimBlueprint,NOT_AVAILABLE,blueprint_evidence,NOT_MEASURED,0,0,0,0,NO_EVIDENCE_STORE,0
/DinoDefense/2DPlatformer/Environment/Steamboat/ABP_Steamboat_PP.ABP_Steamboat_PP,ABP_Steamboat_PP,/Script/Engine.AnimBlueprint,NOT_AVAILABLE,blueprint_evidence,NOT_MEASURED,0,0,0,0,NO_EVIDENCE_STORE,0
/DinoDefense/2DPlatformer/Environment/Steamboat/SEQ002_Steamboat.SEQ002_Steamboat,SEQ002_Steamboat,/Script/LevelSequence.LevelSequence,NOT_AVAILABLE,blueprint_evidence,NOT_MEASURED,0,0,0,0,NO_EVIDENCE_STORE,0
/DinoDefense/2DPlatformer/Environment/Steamboat/SK_Steamboat_CtrlRig.SK_Steamboat_CtrlRig,SK_Steamboat_CtrlRig,/Script/ControlRigDeveloper.ControlRigBlueprint,NOT_AVAILABLE,blueprint_evidence,NOT_MEASURED,0,0,0,0,NO_EVIDENCE_STORE,0
/DinoDefense/2DPlatformer/Environment/Steamboat/SK_Steamboat_Lvl2_CtrlRig1.SK_Steamboat_Lvl2_CtrlRig1,SK_Steamboat_Lvl2_CtrlRig1,/Script/ControlRigDeveloper.ControlRigBlueprint,NOT_AVAILABLE,blueprint_evidence,NOT_MEASURED,0,0,0,0,NO_EVIDENCE_STORE,0
/DinoDefense/2DPlatformer/Levels/01/PlatformerLevel_01.PlatformerLevel_01,PlatformerLevel_01,/Script/Engine.World,NOT_AVAILABLE,blueprint_evidence,NOT_MEASURED,0,0,0,0,NO_EVIDENCE_STORE,0
/DinoDefense/2DPlatformer/Levels/02/PlatformerLevel_02.PlatformerLevel_02,PlatformerLevel_02,/Script/Engine.World,NOT_AVAILABLE,blueprint_evidence,NOT_MEASURED,0,0,0,0,NO_EVIDENCE_STORE,0
/DinoDefense/2DPlatformer/Levels/02/PlatformerLevel_02_Backup.PlatformerLevel_02_Backup,PlatformerLevel_02_Backup,/Script/Engine.World,NOT_AVAILABLE,blueprint_evidence,NOT_MEASURED,0,0,0,0,NO_EVIDENCE_STORE,0
/DinoDefense/2DPlatformer/Levels/03/PlatformerLevel_03.PlatformerLevel_03,PlatformerLevel_03,/Script/Engine.World,NOT_AVAILABLE,blueprint_evidence,NOT_MEASURED,0,0,0,0,NO_EVIDENCE_STORE,0
/DinoDefense/2DPlatformer/Levels/04/PlatformerLevel_04.PlatformerLevel_04,PlatformerLevel_04,/Script/Engine.World,NOT_AVAILABLE,blueprint_evidence,NOT_MEASURED,0,0,0,0,NO_EVIDENCE_STORE,0
/DinoDefense/2DPlatformer/MickeyCharacter_2DPlatformer.MickeyCharacter_2DPlatformer,MickeyCharacter_2DPlatformer,/Script/Engine.Blueprint,NOT_AVAILABLE,blueprint_evidence,NOT_MEASURED,0,0,0,0,NO_EVIDENCE_STORE,0
/DinoDefense/2DPlatformer/MinnieCharacter_2DPlatformer.MinnieCharacter_2DPlatformer,MinnieCharacter_2DPlatformer,/Script/Engine.Blueprint,NOT_AVAILABLE,blueprint_evidence,NOT_MEASURED,0,0,0,0,NO_EVIDENCE_STORE,0
/DinoDefense/2DPlatformer/Mobs/BTService_GetTargetEnemy_Platformer.BTService_GetTargetEnemy_Platformer,BTService_GetTargetEnemy_Platformer,/Script/Engine.Blueprint,NOT_AVAILABLE,blueprint_evidence,NOT_MEASURED,0,0,0,0,NO_EVIDENCE_STORE,0
/DinoDefense/2DPlatformer/Mobs/BTService_RandomLocation_Platformer.BTService_RandomLocation_Platformer,BTService_RandomLocation_Platformer,/Script/Engine.Blueprint,NOT_AVAILABLE,blueprint_evidence,NOT_MEASURED,0,0,0,0,NO_EVIDENCE_STORE,0
/DinoDefense/2DPlatformer/Mobs/Dodo/DodoCharacterAnimBP_Platformer.DodoCharacterAnimBP_Platformer,DodoCharacterAnimBP_Platformer,/Script/Engine.AnimBlueprint,NOT_AVAILABLE,blueprint_evidence,NOT_MEASURED,0,0,0,0,NO_EVIDENCE_STORE,0
