object_path,asset_name,asset_class_path,generated_class_path,parent_class_path,native_parent_class_path,blueprint_kind,identity_status,identity_confidence,capture_exists,evidence_freshness,descendant_count,referencer_count,component_reuse_count,cross_domain_reference_count,registry_usage_count,native_call_count,unresolved_native_call_count,query_hit_count,existing_report_count,provisional_tier,provisional_reasons_json
/Engine/EditorBlueprintResources/StandardMacros.StandardMacros,StandardMacros,/Script/Engine.Blueprint,/Engine/EditorBlueprintResources/StandardMacros.StandardMacros_C,/Script/CoreUObject.Object,/Script/CoreUObject.Object,BPTYPE_MacroLibrary,EXTRACTED,HIGH,0,NOT_AVAILABLE,0,4180,0,92,0,0,0,,,1,"[""referenced_by_assets"",""cross_domain_references""]"
/Engine/EngineMaterials/WorldGridMaterial.WorldGridMaterial,WorldGridMaterial,/Script/Engine.Material,UNKNOWN,UNKNOWN,UNKNOWN,UNKNOWN,EXTRACTED,HIGH,0,NOT_AVAILABLE,0,2806,0,75,0,0,0,,,1,"[""referenced_by_assets"",""cross_domain_references""]"
/Engine/Functions/Engine_MaterialFunctions02/Utility/BreakOutFloat2Components.BreakOutFloat2Components,BreakOutFloat2Components,/Script/Engine.MaterialFunction,UNKNOWN,UNKNOWN,UNKNOWN,UNKNOWN,EXTRACTED,HIGH,0,NOT_AVAILABLE,0,2604,0,49,0,0,0,,,1,"[""referenced_by_assets"",""cross_domain_references""]"
/Engine/Functions/Engine_MaterialFunctions02/Utility/MakeFloat3.MakeFloat3,MakeFloat3,/Script/Engine.MaterialFunction,UNKNOWN,UNKNOWN,UNKNOWN,UNKNOWN,EXTRACTED,HIGH,0,NOT_AVAILABLE,0,2793,0,47,0,0,0,,,1,"[""referenced_by_assets"",""cross_domain_references""]"
/Engine/Functions/Engine_MaterialFunctions02/Utility/BreakOutFloat3Components.BreakOutFloat3Components,BreakOutFloat3Components,/Script/Engine.MaterialFunction,UNKNOWN,UNKNOWN,UNKNOWN,UNKNOWN,EXTRACTED,HIGH,0,NOT_AVAILABLE,0,3378,0,46,0,0,0,,,1,"[""referenced_by_assets"",""cross_domain_references""]"
/Engine/Functions/Engine_MaterialFunctions02/Utility/VectorLength.VectorLength,VectorLength,/Script/Engine.MaterialFunction,UNKNOWN,UNKNOWN,UNKNOWN,UNKNOWN,EXTRACTED,HIGH,0,NOT_AVAILABLE,0,3191,0,44,0,0,0,,,1,"[""referenced_by_assets"",""cross_domain_references""]"
/Engine/EngineMaterials/Good64x64TilingNoiseHighFreq.Good64x64TilingNoiseHighFreq,Good64x64TilingNoiseHighFreq,/Script/Engine.Texture2D,UNKNOWN,UNKNOWN,UNKNOWN,UNKNOWN,EXTRACTED,HIGH,0,NOT_AVAILABLE,0,4540,0,37,0,0,0,,,1,"[""referenced_by_assets"",""cross_domain_references""]"
/Game/PrimalEarth/General/M_Metal.M_Metal,M_Metal,/Script/PhysicsCore.PhysicalMaterial,UNKNOWN,UNKNOWN,UNKNOWN,UNKNOWN,EXTRACTED,HIGH,0,NOT_AVAILABLE,0,1120,0,34,0,0,0,,,1,"[""referenced_by_assets"",""cross_domain_references""]"
/Game/PrimalEarth/General/M_Rock.M_Rock,M_Rock,/Script/PhysicsCore.PhysicalMaterial,UNKNOWN,UNKNOWN,UNKNOWN,UNKNOWN,EXTRACTED,HIGH,0,NOT_AVAILABLE,0,1164,0,33,0,0,0,,,1,"[""referenced_by_assets"",""cross_domain_references""]"
/Engine/EngineMaterials/DefaultDiffuse.DefaultDiffuse,DefaultDiffuse,/Script/Engine.Texture2D,UNKNOWN,UNKNOWN,UNKNOWN,UNKNOWN,EXTRACTED,HIGH,0,NOT_AVAILABLE,0,2603,0,32,0,0,0,,,1,"[""referenced_by_assets"",""cross_domain_references""]"
/Engine/EngineResources/DefaultTexture.DefaultTexture,DefaultTexture,/Script/Engine.Texture2D,UNKNOWN,UNKNOWN,UNKNOWN,UNKNOWN,EXTRACTED,HIGH,0,NOT_AVAILABLE,0,2389,0,32,0,0,0,,,1,"[""referenced_by_assets"",""cross_domain_references""]"
/Engine/Functions/Engine_MaterialFunctions02/Utility/BreakOutFloat4Components.BreakOutFloat4Components,BreakOutFloat4Components,/Script/Engine.MaterialFunction,UNKNOWN,UNKNOWN,UNKNOWN,UNKNOWN,EXTRACTED,HIGH,0,NOT_AVAILABLE,0,2225,0,32,0,0,0,,,1,"[""referenced_by_assets"",""cross_domain_references""]"
/Engine/Functions/Engine_MaterialFunctions02/Utility/DitherTemporalAA.DitherTemporalAA,DitherTemporalAA,/Script/Engine.MaterialFunction,UNKNOWN,UNKNOWN,UNKNOWN,UNKNOWN,EXTRACTED,HIGH,0,NOT_AVAILABLE,0,1988,0,32,0,0,0,,,1,"[""referenced_by_assets"",""cross_domain_references""]"
/Engine/MapTemplates/SM_Template_Map_Floor.SM_Template_Map_Floor,SM_Template_Map_Floor,/Script/Engine.StaticMesh,UNKNOWN,UNKNOWN,UNKNOWN,UNKNOWN,EXTRACTED,HIGH,0,NOT_AVAILABLE,0,192,0,32,0,0,0,,,1,"[""referenced_by_assets"",""cross_domain_references""]"
/Engine/Functions/Engine_MaterialFunctions02/Utility/MakeFloat2.MakeFloat2,MakeFloat2,/Script/Engine.MaterialFunction,UNKNOWN,UNKNOWN,UNKNOWN,UNKNOWN,EXTRACTED,HIGH,0,NOT_AVAILABLE,0,374,0,31,0,0,0,,,1,"[""referenced_by_assets"",""cross_domain_references""]"
/Engine/Functions/Engine_MaterialFunctions02/Utility/MakeFloat4.MakeFloat4,MakeFloat4,/Script/Engine.MaterialFunction,UNKNOWN,UNKNOWN,UNKNOWN,UNKNOWN,EXTRACTED,HIGH,0,NOT_AVAILABLE,0,1066,0,31,0,0,0,,,1,"[""referenced_by_assets"",""cross_domain_references""]"
/Game/PrimalEarth/General/Cube.Cube,Cube,/Script/Engine.StaticMesh,UNKNOWN,UNKNOWN,UNKNOWN,UNKNOWN,EXTRACTED,HIGH,0,NOT_AVAILABLE,0,146,0,31,0,0,0,,,1,"[""referenced_by_assets"",""cross_domain_references""]"
/Game/PrimalEarth/General/M_Sand.M_Sand,M_Sand,/Script/PhysicsCore.PhysicalMaterial,UNKNOWN,UNKNOWN,UNKNOWN,UNKNOWN,EXTRACTED,HIGH,0,NOT_AVAILABLE,0,788,0,31,0,0,0,,,1,"[""referenced_by_assets"",""cross_domain_references""]"
/Engine/Functions/Engine_MaterialFunctions02/Utility/BlendAngleCorrectedNormals.BlendAngleCorrectedNormals,BlendAngleCorrectedNormals,/Script/Engine.MaterialFunction,UNKNOWN,UNKNOWN,UNKNOWN,UNKNOWN,EXTRACTED,HIGH,0,NOT_AVAILABLE,0,2135,0,30,0,0,0,,,1,"[""referenced_by_assets"",""cross_domain_references""]"
/Engine/Functions/Engine_MaterialFunctions02/Math/Transform3x3Matrix.Transform3x3Matrix,Transform3x3Matrix,/Script/Engine.MaterialFunction,UNKNOWN,UNKNOWN,UNKNOWN,UNKNOWN,EXTRACTED,HIGH,0,NOT_AVAILABLE,0,1239,0,29,0,0,0,,,1,"[""referenced_by_assets"",""cross_domain_references""]"
/Engine/Functions/Engine_MaterialFunctions02/Utility/CameraDirectionVector.CameraDirectionVector,CameraDirectionVector,/Script/Engine.MaterialFunction,UNKNOWN,UNKNOWN,UNKNOWN,UNKNOWN,EXTRACTED,HIGH,0,NOT_AVAILABLE,0,843,0,29,0,0,0,,,1,"[""referenced_by_assets"",""cross_domain_references""]"
/Game/PrimalEarth/General/M_Dirt.M_Dirt,M_Dirt,/Script/PhysicsCore.PhysicalMaterial,UNKNOWN,UNKNOWN,UNKNOWN,UNKNOWN,EXTRACTED,HIGH,0,NOT_AVAILABLE,0,771,0,29,0,0,0,,,1,"[""referenced_by_assets"",""cross_domain_references""]"
/Game/PrimalEarth/General/M_Water.M_Water,M_Water,/Script/PhysicsCore.PhysicalMaterial,UNKNOWN,UNKNOWN,UNKNOWN,UNKNOWN,EXTRACTED,HIGH,0,NOT_AVAILABLE,0,162,0,29,0,0,0,,,1,"[""referenced_by_assets"",""cross_domain_references""]"
/Game/PrimalEarth/General/M_Wood.M_Wood,M_Wood,/Script/PhysicsCore.PhysicalMaterial,UNKNOWN,UNKNOWN,UNKNOWN,UNKNOWN,EXTRACTED,HIGH,0,NOT_AVAILABLE,0,177,0,29,0,0,0,,,1,"[""referenced_by_assets"",""cross_domain_references""]"
/Niagara/Enums/ENiagaraRandomnessMode.ENiagaraRandomnessMode,ENiagaraRandomnessMode,/Script/Engine.UserDefinedEnum,UNKNOWN,UNKNOWN,UNKNOWN,UNKNOWN,EXTRACTED,HIGH,0,NOT_AVAILABLE,0,2394,0,29,0,0,0,,,1,"[""referenced_by_assets"",""cross_domain_references""]"
/Niagara/ParameterDefinitions/CoreParameters.CoreParameters,CoreParameters,/Script/NiagaraEditor.NiagaraParameterDefinitions,UNKNOWN,UNKNOWN,UNKNOWN,UNKNOWN,EXTRACTED,HIGH,0,NOT_AVAILABLE,0,2284,0,29,0,0,0,,,1,"[""referenced_by_assets"",""cross_domain_references""]"
/Engine/Functions/Engine_MaterialFunctions01/ImageAdjustment/CheapContrast.CheapContrast,CheapContrast,/Script/Engine.MaterialFunction,UNKNOWN,UNKNOWN,UNKNOWN,UNKNOWN,EXTRACTED,HIGH,0,NOT_AVAILABLE,0,2294,0,28,0,0,0,,,1,"[""referenced_by_assets"",""cross_domain_references""]"
/Engine/Functions/Engine_MaterialFunctions02/Math/CreateThirdOrthogonalVector.CreateThirdOrthogonalVector,CreateThirdOrthogonalVector,/Script/Engine.MaterialFunction,UNKNOWN,UNKNOWN,UNKNOWN,UNKNOWN,EXTRACTED,HIGH,0,NOT_AVAILABLE,0,979,0,28,0,0,0,,,1,"[""referenced_by_assets"",""cross_domain_references""]"
/Engine/Functions/Engine_MaterialFunctions02/Math/TimeWithSpeedVariable.TimeWithSpeedVariable,TimeWithSpeedVariable,/Script/Engine.MaterialFunction,UNKNOWN,UNKNOWN,UNKNOWN,UNKNOWN,EXTRACTED,HIGH,0,NOT_AVAILABLE,0,1932,0,28,0,0,0,,,1,"[""referenced_by_assets"",""cross_domain_references""]"
/Engine/Functions/Engine_MaterialFunctions02/SafeNormalize.SafeNormalize,SafeNormalize,/Script/Engine.MaterialFunction,UNKNOWN,UNKNOWN,UNKNOWN,UNKNOWN,EXTRACTED,HIGH,0,NOT_AVAILABLE,0,1554,0,28,0,0,0,,,1,"[""referenced_by_assets"",""cross_domain_references""]"
/Engine/Functions/Engine_MaterialFunctions02/WorldPositionOffset/ObjectScale.ObjectScale,ObjectScale,/Script/Engine.MaterialFunction,UNKNOWN,UNKNOWN,UNKNOWN,UNKNOWN,EXTRACTED,HIGH,0,NOT_AVAILABLE,0,367,0,28,0,0,0,,,1,"[""referenced_by_assets"",""cross_domain_references""]"
/Engine/Functions/Engine_MaterialFunctions01/Gradient/LinearGradient.LinearGradient,LinearGradient,/Script/Engine.MaterialFunction,UNKNOWN,UNKNOWN,UNKNOWN,UNKNOWN,EXTRACTED,HIGH,0,NOT_AVAILABLE,0,2043,0,27,0,0,0,,,1,"[""referenced_by_assets"",""cross_domain_references""]"
/Engine/Functions/Engine_MaterialFunctions02/Utility/DebugScalarValues.DebugScalarValues,DebugScalarValues,/Script/Engine.MaterialFunction,UNKNOWN,UNKNOWN,UNKNOWN,UNKNOWN,EXTRACTED,HIGH,0,NOT_AVAILABLE,0,2253,0,27,0,0,0,,,1,"[""referenced_by_assets"",""cross_domain_references""]"
/Game/PrimalEarth/General/M_Grass.M_Grass,M_Grass,/Script/PhysicsCore.PhysicalMaterial,UNKNOWN,UNKNOWN,UNKNOWN,UNKNOWN,EXTRACTED,HIGH,0,NOT_AVAILABLE,0,593,0,27,0,0,0,,,1,"[""referenced_by_assets"",""cross_domain_references""]"
/Game/PrimalEarth/General/M_Leaves.M_Leaves,M_Leaves,/Script/PhysicsCore.PhysicalMaterial,UNKNOWN,UNKNOWN,UNKNOWN,UNKNOWN,EXTRACTED,HIGH,0,NOT_AVAILABLE,0,236,0,27,0,0,0,,,1,"[""referenced_by_assets"",""cross_domain_references""]"
/Niagara/Enums/ENiagaraEmitterLifeCycleMode.ENiagaraEmitterLifeCycleMode,ENiagaraEmitterLifeCycleMode,/Script/Engine.UserDefinedEnum,UNKNOWN,UNKNOWN,UNKNOWN,UNKNOWN,EXTRACTED,HIGH,0,NOT_AVAILABLE,0,2342,0,27,0,0,0,,,1,"[""referenced_by_assets"",""cross_domain_references""]"
/Niagara/Enums/ENiagaraEmitterScalabilityMode_Limited.ENiagaraEmitterScalabilityMode_Limited,ENiagaraEmitterScalabilityMode_Limited,/Script/Engine.UserDefinedEnum,UNKNOWN,UNKNOWN,UNKNOWN,UNKNOWN,EXTRACTED,HIGH,0,NOT_AVAILABLE,0,2342,0,27,0,0,0,,,1,"[""referenced_by_assets"",""cross_domain_references""]"
/Niagara/Enums/ENiagaraInactiveMode.ENiagaraInactiveMode,ENiagaraInactiveMode,/Script/Engine.UserDefinedEnum,UNKNOWN,UNKNOWN,UNKNOWN,UNKNOWN,EXTRACTED,HIGH,0,NOT_AVAILABLE,0,2342,0,27,0,0,0,,,1,"[""referenced_by_assets"",""cross_domain_references""]"
/Niagara/Enums/ENiagaraRandomnessEvaluation.ENiagaraRandomnessEvaluation,ENiagaraRandomnessEvaluation,/Script/Engine.UserDefinedEnum,UNKNOWN,UNKNOWN,UNKNOWN,UNKNOWN,EXTRACTED,HIGH,0,NOT_AVAILABLE,0,2235,0,27,0,0,0,,,1,"[""referenced_by_assets"",""cross_domain_references""]"
/Niagara/Enums/ENiagaraSystemInactiveMode.ENiagaraSystemInactiveMode,ENiagaraSystemInactiveMode,/Script/Engine.UserDefinedEnum,UNKNOWN,UNKNOWN,UNKNOWN,UNKNOWN,EXTRACTED,HIGH,0,NOT_AVAILABLE,0,2247,0,27,0,0,0,,,1,"[""referenced_by_assets"",""cross_domain_references""]"
/Niagara/Enums/ENiagara_EmitterStateOptions.ENiagara_EmitterStateOptions,ENiagara_EmitterStateOptions,/Script/Engine.UserDefinedEnum,UNKNOWN,UNKNOWN,UNKNOWN,UNKNOWN,EXTRACTED,HIGH,0,NOT_AVAILABLE,0,2352,0,27,0,0,0,,,1,"[""referenced_by_assets"",""cross_domain_references""]"
/Niagara/Enums/ENiagara_InfiniteLoopDuration.ENiagara_InfiniteLoopDuration,ENiagara_InfiniteLoopDuration,/Script/Engine.UserDefinedEnum,UNKNOWN,UNKNOWN,UNKNOWN,UNKNOWN,EXTRACTED,HIGH,0,NOT_AVAILABLE,0,2343,0,27,0,0,0,,,1,"[""referenced_by_assets"",""cross_domain_references""]"
/Niagara/Modules/Emitter/EmitterState.EmitterState,EmitterState,/Script/Niagara.NiagaraScript,UNKNOWN,UNKNOWN,UNKNOWN,UNKNOWN,EXTRACTED,HIGH,0,NOT_AVAILABLE,0,2342,0,27,0,0,0,,,1,"[""referenced_by_assets"",""cross_domain_references""]"
/Niagara/Modules/System/SystemState.SystemState,SystemState,/Script/Niagara.NiagaraScript,UNKNOWN,UNKNOWN,UNKNOWN,UNKNOWN,EXTRACTED,HIGH,0,NOT_AVAILABLE,0,2248,0,27,0,0,0,,,1,"[""referenced_by_assets"",""cross_domain_references""]"
/Niagara/Modules/Update/Lifetime/ParticleState.ParticleState,ParticleState,/Script/Niagara.NiagaraScript,UNKNOWN,UNKNOWN,UNKNOWN,UNKNOWN,EXTRACTED,HIGH,0,NOT_AVAILABLE,0,2297,0,27,0,0,0,,,1,"[""referenced_by_assets"",""cross_domain_references""]"
/Engine/Functions/Engine_MaterialFunctions02/HueShift.HueShift,HueShift,/Script/Engine.MaterialFunction,UNKNOWN,UNKNOWN,UNKNOWN,UNKNOWN,EXTRACTED,HIGH,0,NOT_AVAILABLE,0,1616,0,26,0,0,0,,,1,"[""referenced_by_assets"",""cross_domain_references""]"
/Engine/Functions/Engine_MaterialFunctions02/Texturing/ScreenAlignedPixelToPixelUVs.ScreenAlignedPixelToPixelUVs,ScreenAlignedPixelToPixelUVs,/Script/Engine.MaterialFunction,UNKNOWN,UNKNOWN,UNKNOWN,UNKNOWN,EXTRACTED,HIGH,0,NOT_AVAILABLE,0,1867,0,26,0,0,0,,,1,"[""referenced_by_assets"",""cross_domain_references""]"
/Game/PrimalEarth/CoreBlueprints/Dino_Character_BP.Dino_Character_BP,Dino_Character_BP,/Script/Engine.Blueprint,/Game/PrimalEarth/CoreBlueprints/Dino_Character_BP.Dino_Character_BP_C,/Script/ShooterGame.PrimalDinoCharacter,/Script/ShooterGame.PrimalDinoCharacter,BPTYPE_Normal,EXTRACTED,HIGH,0,NOT_AVAILABLE,1476,1074,0,26,0,0,0,,,1,"[""has_descendants"",""referenced_by_assets"",""cross_domain_references""]"
/Game/PrimalEarth/CoreBlueprints/Global_PostProcess_Blueprint.Global_PostProcess_Blueprint,Global_PostProcess_Blueprint,/Script/Engine.Blueprint,/Game/PrimalEarth/CoreBlueprints/Global_PostProcess_Blueprint.Global_PostProcess_Blueprint_C,/Script/Engine.PostProcessVolume,/Script/Engine.PostProcessVolume,BPTYPE_Normal,EXTRACTED,HIGH,0,NOT_AVAILABLE,3,61,0,26,0,0,0,,,1,"[""has_descendants"",""referenced_by_assets"",""cross_domain_references""]"
/Niagara/Enums/Angles/ENiagara_AngleInput.ENiagara_AngleInput,ENiagara_AngleInput,/Script/Engine.UserDefinedEnum,UNKNOWN,UNKNOWN,UNKNOWN,UNKNOWN,EXTRACTED,HIGH,0,NOT_AVAILABLE,0,2064,0,26,0,0,0,,,1,"[""referenced_by_assets"",""cross_domain_references""]"
/Niagara/Enums/ENiagaraChannelCorrelation.ENiagaraChannelCorrelation,ENiagaraChannelCorrelation,/Script/Engine.UserDefinedEnum,UNKNOWN,UNKNOWN,UNKNOWN,UNKNOWN,EXTRACTED,HIGH,0,NOT_AVAILABLE,0,2282,0,26,0,0,0,,,1,"[""referenced_by_assets"",""cross_domain_references""]"
/Niagara/Enums/ENiagara_LifetimeMode.ENiagara_LifetimeMode,ENiagara_LifetimeMode,/Script/Engine.UserDefinedEnum,UNKNOWN,UNKNOWN,UNKNOWN,UNKNOWN,EXTRACTED,HIGH,0,NOT_AVAILABLE,0,2275,0,26,0,0,0,,,1,"[""referenced_by_assets"",""cross_domain_references""]"
/Niagara/Modules/Solvers/SolveForcesAndVelocity.SolveForcesAndVelocity,SolveForcesAndVelocity,/Script/Niagara.NiagaraScript,UNKNOWN,UNKNOWN,UNKNOWN,UNKNOWN,EXTRACTED,HIGH,0,NOT_AVAILABLE,0,2218,0,26,0,0,0,,,1,"[""referenced_by_assets"",""cross_domain_references""]"
/Engine/Functions/Engine_MaterialFunctions01/Texturing/ComputeMipLevel.ComputeMipLevel,ComputeMipLevel,/Script/Engine.MaterialFunction,UNKNOWN,UNKNOWN,UNKNOWN,UNKNOWN,EXTRACTED,HIGH,0,NOT_AVAILABLE,0,2228,0,25,0,0,0,,,1,"[""referenced_by_assets"",""cross_domain_references""]"
/Engine/Functions/Engine_MaterialFunctions01/Texturing/TextureCropping.TextureCropping,TextureCropping,/Script/Engine.MaterialFunction,UNKNOWN,UNKNOWN,UNKNOWN,UNKNOWN,EXTRACTED,HIGH,0,NOT_AVAILABLE,0,2185,0,25,0,0,0,,,1,"[""referenced_by_assets"",""cross_domain_references""]"
/Engine/Functions/Engine_MaterialFunctions02/Math/InverseTransformMatrix.InverseTransformMatrix,InverseTransformMatrix,/Script/Engine.MaterialFunction,UNKNOWN,UNKNOWN,UNKNOWN,UNKNOWN,EXTRACTED,HIGH,0,NOT_AVAILABLE,0,704,0,25,0,0,0,,,1,"[""referenced_by_assets"",""cross_domain_references""]"
/Game/PrimalEarth/General/M_Snow.M_Snow,M_Snow,/Script/PhysicsCore.PhysicalMaterial,UNKNOWN,UNKNOWN,UNKNOWN,UNKNOWN,EXTRACTED,HIGH,0,NOT_AVAILABLE,0,216,0,25,0,0,0,,,1,"[""referenced_by_assets"",""cross_domain_references""]"
/Niagara/Enums/ENiagaraTorusDistributionMode.ENiagaraTorusDistributionMode,ENiagaraTorusDistributionMode,/Script/Engine.UserDefinedEnum,UNKNOWN,UNKNOWN,UNKNOWN,UNKNOWN,EXTRACTED,HIGH,0,NOT_AVAILABLE,0,1902,0,25,0,0,0,,,1,"[""referenced_by_assets"",""cross_domain_references""]"
/Niagara/Enums/ENiagara_ColorInitializationMode.ENiagara_ColorInitializationMode,ENiagara_ColorInitializationMode,/Script/Engine.UserDefinedEnum,UNKNOWN,UNKNOWN,UNKNOWN,UNKNOWN,EXTRACTED,HIGH,0,NOT_AVAILABLE,0,2275,0,25,0,0,0,,,1,"[""referenced_by_assets"",""cross_domain_references""]"
/Niagara/Enums/ENiagara_MassInitializationMode.ENiagara_MassInitializationMode,ENiagara_MassInitializationMode,/Script/Engine.UserDefinedEnum,UNKNOWN,UNKNOWN,UNKNOWN,UNKNOWN,EXTRACTED,HIGH,0,NOT_AVAILABLE,0,2275,0,25,0,0,0,,,1,"[""referenced_by_assets"",""cross_domain_references""]"
/Niagara/Enums/ENiagara_PositionInitializationMode.ENiagara_PositionInitializationMode,ENiagara_PositionInitializationMode,/Script/Engine.UserDefinedEnum,UNKNOWN,UNKNOWN,UNKNOWN,UNKNOWN,EXTRACTED,HIGH,0,NOT_AVAILABLE,0,2275,0,25,0,0,0,,,1,"[""referenced_by_assets"",""cross_domain_references""]"
/Niagara/Enums/ENiagara_SizeScaleMode.ENiagara_SizeScaleMode,ENiagara_SizeScaleMode,/Script/Engine.UserDefinedEnum,UNKNOWN,UNKNOWN,UNKNOWN,UNKNOWN,EXTRACTED,HIGH,0,NOT_AVAILABLE,0,2269,0,25,0,0,0,,,1,"[""referenced_by_assets"",""cross_domain_references""]"
/Niagara/Enums/ENiagara_SpriteRotationMode.ENiagara_SpriteRotationMode,ENiagara_SpriteRotationMode,/Script/Engine.UserDefinedEnum,UNKNOWN,UNKNOWN,UNKNOWN,UNKNOWN,EXTRACTED,HIGH,0,NOT_AVAILABLE,0,2269,0,25,0,0,0,,,1,"[""referenced_by_assets"",""cross_domain_references""]"
/Niagara/Enums/ENiagara_UVFlippingMode.ENiagara_UVFlippingMode,ENiagara_UVFlippingMode,/Script/Engine.UserDefinedEnum,UNKNOWN,UNKNOWN,UNKNOWN,UNKNOWN,EXTRACTED,HIGH,0,NOT_AVAILABLE,0,2269,0,25,0,0,0,,,1,"[""referenced_by_assets"",""cross_domain_references""]"
/Niagara/Enums/Ribbons/ENiagara_UnsetDirectSet.ENiagara_UnsetDirectSet,ENiagara_UnsetDirectSet,/Script/Engine.UserDefinedEnum,UNKNOWN,UNKNOWN,UNKNOWN,UNKNOWN,EXTRACTED,HIGH,0,NOT_AVAILABLE,0,2274,0,25,0,0,0,,,1,"[""referenced_by_assets"",""cross_domain_references""]"
/Niagara/Enums/Ribbons/ENiagara_UnsetDirectSetRandom.ENiagara_UnsetDirectSetRandom,ENiagara_UnsetDirectSetRandom,/Script/Engine.UserDefinedEnum,UNKNOWN,UNKNOWN,UNKNOWN,UNKNOWN,EXTRACTED,HIGH,0,NOT_AVAILABLE,0,2268,0,25,0,0,0,,,1,"[""referenced_by_assets"",""cross_domain_references""]"
/Niagara/Enums/Transforms/ENiagara_RotationMode.ENiagara_RotationMode,ENiagara_RotationMode,/Script/Engine.UserDefinedEnum,UNKNOWN,UNKNOWN,UNKNOWN,UNKNOWN,EXTRACTED,HIGH,0,NOT_AVAILABLE,0,2037,0,25,0,0,0,,,1,"[""referenced_by_assets"",""cross_domain_references""]"
/Niagara/Modules/Emitter/SpawnRate.SpawnRate,SpawnRate,/Script/Niagara.NiagaraScript,UNKNOWN,UNKNOWN,UNKNOWN,UNKNOWN,EXTRACTED,HIGH,0,NOT_AVAILABLE,0,2033,0,25,0,0,0,,,1,"[""referenced_by_assets"",""cross_domain_references""]"
/Niagara/Modules/Spawn/Initialization/V2/InitializeParticle.InitializeParticle,InitializeParticle,/Script/Niagara.NiagaraScript,UNKNOWN,UNKNOWN,UNKNOWN,UNKNOWN,EXTRACTED,HIGH,0,NOT_AVAILABLE,0,2268,0,25,0,0,0,,,1,"[""referenced_by_assets"",""cross_domain_references""]"
/Engine/BasicShapes/Sphere.Sphere,Sphere,/Script/Engine.StaticMesh,UNKNOWN,UNKNOWN,UNKNOWN,UNKNOWN,EXTRACTED,HIGH,0,NOT_AVAILABLE,0,171,0,24,0,0,0,,,1,"[""referenced_by_assets"",""cross_domain_references""]"
/Engine/EditorBlueprintResources/ActorMacros.ActorMacros,ActorMacros,/Script/Engine.Blueprint,/Engine/EditorBlueprintResources/ActorMacros.ActorMacros_C,/Script/Engine.Actor,/Script/Engine.Actor,BPTYPE_MacroLibrary,EXTRACTED,HIGH,0,NOT_AVAILABLE,0,521,0,24,0,0,0,,,1,"[""referenced_by_assets"",""cross_domain_references""]"
/Engine/Functions/Engine_MaterialFunctions01/Texturing/ScaleUVsByCenter.ScaleUVsByCenter,ScaleUVsByCenter,/Script/Engine.MaterialFunction,UNKNOWN,UNKNOWN,UNKNOWN,UNKNOWN,EXTRACTED,HIGH,0,NOT_AVAILABLE,0,772,0,24,0,0,0,,,1,"[""referenced_by_assets"",""cross_domain_references""]"
/Engine/Functions/Engine_MaterialFunctions02/Texturing/CustomRotator.CustomRotator,CustomRotator,/Script/Engine.MaterialFunction,UNKNOWN,UNKNOWN,UNKNOWN,UNKNOWN,EXTRACTED,HIGH,0,NOT_AVAILABLE,0,310,0,24,0,0,0,,,1,"[""referenced_by_assets"",""cross_domain_references""]"
/Engine/Functions/Engine_MaterialFunctions02/Utility/DebugFloat3Values.DebugFloat3Values,DebugFloat3Values,/Script/Engine.MaterialFunction,UNKNOWN,UNKNOWN,UNKNOWN,UNKNOWN,EXTRACTED,HIGH,0,NOT_AVAILABLE,0,1832,0,24,0,0,0,,,1,"[""referenced_by_assets"",""cross_domain_references""]"
/Game/PrimalEarth/General/M_Thatch.M_Thatch,M_Thatch,/Script/PhysicsCore.PhysicalMaterial,UNKNOWN,UNKNOWN,UNKNOWN,UNKNOWN,EXTRACTED,HIGH,0,NOT_AVAILABLE,0,119,0,24,0,0,0,,,1,"[""referenced_by_assets"",""cross_domain_references""]"
/Niagara/DynamicInputs/ValueFromCurve/FloatFromCurve.FloatFromCurve,FloatFromCurve,/Script/Niagara.NiagaraScript,UNKNOWN,UNKNOWN,UNKNOWN,UNKNOWN,EXTRACTED,HIGH,0,NOT_AVAILABLE,0,2194,0,24,0,0,0,,,1,"[""referenced_by_assets"",""cross_domain_references""]"
/Niagara/Enums/ENiagaraSphereDistributionMode.ENiagaraSphereDistributionMode,ENiagaraSphereDistributionMode,/Script/Engine.UserDefinedEnum,UNKNOWN,UNKNOWN,UNKNOWN,UNKNOWN,EXTRACTED,HIGH,0,NOT_AVAILABLE,0,1934,0,24,0,0,0,,,1,"[""referenced_by_assets"",""cross_domain_references""]"
/Niagara/Enums/ENiagara_AttributeSamplingApplyOutput.ENiagara_AttributeSamplingApplyOutput,ENiagara_AttributeSamplingApplyOutput,/Script/Engine.UserDefinedEnum,UNKNOWN,UNKNOWN,UNKNOWN,UNKNOWN,EXTRACTED,HIGH,0,NOT_AVAILABLE,0,1964,0,24,0,0,0,,,1,"[""referenced_by_assets"",""cross_domain_references""]"
/Niagara/Enums/Location/ENiagara_CylinderMode.ENiagara_CylinderMode,ENiagara_CylinderMode,/Script/Engine.UserDefinedEnum,UNKNOWN,UNKNOWN,UNKNOWN,UNKNOWN,EXTRACTED,HIGH,0,NOT_AVAILABLE,0,1907,0,24,0,0,0,,,1,"[""referenced_by_assets"",""cross_domain_references""]"
/Niagara/Enums/Transforms/ENiagara_OffsetMode.ENiagara_OffsetMode,ENiagara_OffsetMode,/Script/Engine.UserDefinedEnum,UNKNOWN,UNKNOWN,UNKNOWN,UNKNOWN,EXTRACTED,HIGH,0,NOT_AVAILABLE,0,1907,0,24,0,0,0,,,1,"[""referenced_by_assets"",""cross_domain_references""]"
/Niagara/Enums/Transforms/ENiagara_ScaleMode.ENiagara_ScaleMode,ENiagara_ScaleMode,/Script/Engine.UserDefinedEnum,UNKNOWN,UNKNOWN,UNKNOWN,UNKNOWN,EXTRACTED,HIGH,0,NOT_AVAILABLE,0,1907,0,24,0,0,0,,,1,"[""referenced_by_assets"",""cross_domain_references""]"
/Niagara/Enums/Transforms/ENiagara_TransformOrder.ENiagara_TransformOrder,ENiagara_TransformOrder,/Script/Engine.UserDefinedEnum,UNKNOWN,UNKNOWN,UNKNOWN,UNKNOWN,EXTRACTED,HIGH,0,NOT_AVAILABLE,0,1907,0,24,0,0,0,,,1,"[""referenced_by_assets"",""cross_domain_references""]"
/Niagara/Enums/Transforms/ENiagara_TransformType.ENiagara_TransformType,ENiagara_TransformType,/Script/Engine.UserDefinedEnum,UNKNOWN,UNKNOWN,UNKNOWN,UNKNOWN,EXTRACTED,HIGH,0,NOT_AVAILABLE,0,1907,0,24,0,0,0,,,1,"[""referenced_by_assets"",""cross_domain_references""]"
/Niagara/Modules/Emitter/SpawnBurst_Instantaneous.SpawnBurst_Instantaneous,SpawnBurst_Instantaneous,/Script/Niagara.NiagaraScript,UNKNOWN,UNKNOWN,UNKNOWN,UNKNOWN,EXTRACTED,HIGH,0,NOT_AVAILABLE,0,1824,0,24,0,0,0,,,1,"[""referenced_by_assets"",""cross_domain_references""]"
/Niagara/Modules/Update/Size/ScaleSpriteSize.ScaleSpriteSize,ScaleSpriteSize,/Script/Niagara.NiagaraScript,UNKNOWN,UNKNOWN,UNKNOWN,UNKNOWN,EXTRACTED,HIGH,0,NOT_AVAILABLE,0,1813,0,24,0,0,0,,,1,"[""referenced_by_assets"",""cross_domain_references""]"
/Engine/BasicShapes/Cube.Cube,Cube,/Script/Engine.StaticMesh,UNKNOWN,UNKNOWN,UNKNOWN,UNKNOWN,EXTRACTED,HIGH,0,NOT_AVAILABLE,0,241,0,23,0,0,0,,,1,"[""referenced_by_assets"",""cross_domain_references""]"
/Engine/Functions/Engine_MaterialFunctions01/Opacity/CameraDepthFade.CameraDepthFade,CameraDepthFade,/Script/Engine.MaterialFunction,UNKNOWN,UNKNOWN,UNKNOWN,UNKNOWN,EXTRACTED,HIGH,0,NOT_AVAILABLE,0,855,0,23,0,0,0,,,1,"[""referenced_by_assets"",""cross_domain_references""]"
/Engine/Functions/Engine_MaterialFunctions02/ExampleContent/DebugNumberStrip.DebugNumberStrip,DebugNumberStrip,/Script/Engine.Texture2D,UNKNOWN,UNKNOWN,UNKNOWN,UNKNOWN,EXTRACTED,HIGH,0,NOT_AVAILABLE,0,2096,0,23,0,0,0,,,1,"[""referenced_by_assets"",""cross_domain_references""]"
/Engine/Functions/Engine_MaterialFunctions02/ExampleContent/Textures/DebugNumberPeriod.DebugNumberPeriod,DebugNumberPeriod,/Script/Engine.Texture2D,UNKNOWN,UNKNOWN,UNKNOWN,UNKNOWN,EXTRACTED,HIGH,0,NOT_AVAILABLE,0,2094,0,23,0,0,0,,,1,"[""referenced_by_assets"",""cross_domain_references""]"
/Engine/Functions/Engine_MaterialFunctions02/Math/AddComponents.AddComponents,AddComponents,/Script/Engine.MaterialFunction,UNKNOWN,UNKNOWN,UNKNOWN,UNKNOWN,EXTRACTED,HIGH,0,NOT_AVAILABLE,0,1506,0,23,0,0,0,,,1,"[""referenced_by_assets"",""cross_domain_references""]"
/Game/ASA/CoreMaterials/Collections/MPC_ASA_Environment.MPC_ASA_Environment,MPC_ASA_Environment,/Script/Engine.MaterialParameterCollection,UNKNOWN,UNKNOWN,UNKNOWN,UNKNOWN,EXTRACTED,HIGH,0,NOT_AVAILABLE,0,2119,0,23,0,0,0,,,1,"[""referenced_by_assets"",""cross_domain_references""]"
/Niagara/DynamicInputs/UniformRange/V2/RandomRangeFloat.RandomRangeFloat,RandomRangeFloat,/Script/Niagara.NiagaraScript,UNKNOWN,UNKNOWN,UNKNOWN,UNKNOWN,EXTRACTED,HIGH,0,NOT_AVAILABLE,0,2044,0,23,0,0,0,,,1,"[""referenced_by_assets"",""cross_domain_references""]"
/Niagara/Enums/ENiagaraScaleColorMode.ENiagaraScaleColorMode,ENiagaraScaleColorMode,/Script/Engine.UserDefinedEnum,UNKNOWN,UNKNOWN,UNKNOWN,UNKNOWN,EXTRACTED,HIGH,0,NOT_AVAILABLE,0,2000,0,23,0,0,0,,,1,"[""referenced_by_assets"",""cross_domain_references""]"
/Niagara/Enums/ENiagaraShapeTorusMode.ENiagaraShapeTorusMode,ENiagaraShapeTorusMode,/Script/Engine.UserDefinedEnum,UNKNOWN,UNKNOWN,UNKNOWN,UNKNOWN,EXTRACTED,HIGH,0,NOT_AVAILABLE,0,1883,0,23,0,0,0,,,1,"[""referenced_by_assets"",""cross_domain_references""]"
/Niagara/Enums/Location/ENiagaraRingDiscMode.ENiagaraRingDiscMode,ENiagaraRingDiscMode,/Script/Engine.UserDefinedEnum,UNKNOWN,UNKNOWN,UNKNOWN,UNKNOWN,EXTRACTED,HIGH,0,NOT_AVAILABLE,0,1883,0,23,0,0,0,,,1,"[""referenced_by_assets"",""cross_domain_references""]"
/Niagara/Enums/Location/ENiagara_BoxPlaneMode.ENiagara_BoxPlaneMode,ENiagara_BoxPlaneMode,/Script/Engine.UserDefinedEnum,UNKNOWN,UNKNOWN,UNKNOWN,UNKNOWN,EXTRACTED,HIGH,0,NOT_AVAILABLE,0,1883,0,23,0,0,0,,,1,"[""referenced_by_assets"",""cross_domain_references""]"
/Niagara/Enums/Location/ENiagara_ConeMode.ENiagara_ConeMode,ENiagara_ConeMode,/Script/Engine.UserDefinedEnum,UNKNOWN,UNKNOWN,UNKNOWN,UNKNOWN,EXTRACTED,HIGH,0,NOT_AVAILABLE,0,1883,0,23,0,0,0,,,1,"[""referenced_by_assets"",""cross_domain_references""]"
/Niagara/Enums/Location/ENiagara_LocationShapes.ENiagara_LocationShapes,ENiagara_LocationShapes,/Script/Engine.UserDefinedEnum,UNKNOWN,UNKNOWN,UNKNOWN,UNKNOWN,EXTRACTED,HIGH,0,NOT_AVAILABLE,0,1883,0,23,0,0,0,,,1,"[""referenced_by_assets"",""cross_domain_references""]"
/Niagara/Modules/Spawn/Velocity/AddVelocity.AddVelocity,AddVelocity,/Script/Niagara.NiagaraScript,UNKNOWN,UNKNOWN,UNKNOWN,UNKNOWN,EXTRACTED,HIGH,0,NOT_AVAILABLE,0,1796,0,23,0,0,0,,,1,"[""referenced_by_assets"",""cross_domain_references""]"
/Niagara/Modules/Update/Color/Color.Color,Color,/Script/Niagara.NiagaraScript,UNKNOWN,UNKNOWN,UNKNOWN,UNKNOWN,EXTRACTED,HIGH,0,NOT_AVAILABLE,0,1370,0,23,0,0,0,,,1,"[""referenced_by_assets"",""cross_domain_references""]"
/Niagara/ParameterDefinitions/SpriteRenderer.SpriteRenderer,SpriteRenderer,/Script/NiagaraEditor.NiagaraParameterDefinitions,UNKNOWN,UNKNOWN,UNKNOWN,UNKNOWN,EXTRACTED,HIGH,0,NOT_AVAILABLE,0,1720,0,23,0,0,0,,,1,"[""referenced_by_assets"",""cross_domain_references""]"
/Engine/EngineMaterials/DefaultNormal.DefaultNormal,DefaultNormal,/Script/Engine.Texture2D,UNKNOWN,UNKNOWN,UNKNOWN,UNKNOWN,EXTRACTED,HIGH,0,NOT_AVAILABLE,0,685,0,22,0,0,0,,,1,"[""referenced_by_assets"",""cross_domain_references""]"
/Engine/Functions/Engine_MaterialFunctions02/ObjectLocalBounds.ObjectLocalBounds,ObjectLocalBounds,/Script/Engine.MaterialFunction,UNKNOWN,UNKNOWN,UNKNOWN,UNKNOWN,EXTRACTED,HIGH,0,NOT_AVAILABLE,0,1584,0,22,0,0,0,,,1,"[""referenced_by_assets"",""cross_domain_references""]"
/Game/ASA/CoreBlueprints/FoliageInteraction/Solver/BP_WindSource/BP_PrimalWindSourceComponent_Base.BP_PrimalWindSourceComponent_Base,BP_PrimalWindSourceComponent_Base,/Script/Engine.Blueprint,/Game/ASA/CoreBlueprints/FoliageInteraction/Solver/BP_WindSource/BP_PrimalWindSourceComponent_Base.BP_PrimalWindSourceComponent_Base_C,/Script/ShooterGame.PrimalWindSourceComponent,/Script/ShooterGame.PrimalWindSourceComponent,BPTYPE_Normal,EXTRACTED,HIGH,0,NOT_AVAILABLE,2,866,0,22,0,0,0,,,1,"[""has_descendants"",""referenced_by_assets"",""cross_domain_references""]"
/Game/PrimalEarth/General/M_Flesh.M_Flesh,M_Flesh,/Script/Engine.PhysicalMaterial,UNKNOWN,UNKNOWN,UNKNOWN,UNKNOWN,EXTRACTED,HIGH,0,NOT_AVAILABLE,0,34,0,22,0,0,0,,,1,"[""referenced_by_assets"",""cross_domain_references""]"
/Game/PrimalEarth/Structures/BuildingBases/StructureItemContainerBaseBP.StructureItemContainerBaseBP,StructureItemContainerBaseBP,/Script/Engine.Blueprint,/Game/PrimalEarth/Structures/BuildingBases/StructureItemContainerBaseBP.StructureItemContainerBaseBP_C,/Script/ShooterGame.PrimalStructureItemContainer,/Script/ShooterGame.PrimalStructureItemContainer,BPTYPE_Normal,EXTRACTED,HIGH,0,NOT_AVAILABLE,307,302,0,22,0,0,0,,,1,"[""has_descendants"",""referenced_by_assets"",""cross_domain_references""]"
/Niagara/DynamicInputs/Multiply/Multiply_Float.Multiply_Float,Multiply_Float,/Script/Niagara.NiagaraScript,UNKNOWN,UNKNOWN,UNKNOWN,UNKNOWN,EXTRACTED,HIGH,0,NOT_AVAILABLE,0,1719,0,22,0,0,0,,,1,"[""referenced_by_assets"",""cross_domain_references""]"
/Niagara/DynamicInputs/Multiply/Multiply_VectorByFloat.Multiply_VectorByFloat,Multiply_VectorByFloat,/Script/Niagara.NiagaraScript,UNKNOWN,UNKNOWN,UNKNOWN,UNKNOWN,EXTRACTED,HIGH,0,NOT_AVAILABLE,0,1625,0,22,0,0,0,,,1,"[""referenced_by_assets"",""cross_domain_references""]"
/Niagara/DynamicInputs/TypeConversions/Vector2DFromFloat.Vector2DFromFloat,Vector2DFromFloat,/Script/Niagara.NiagaraScript,UNKNOWN,UNKNOWN,UNKNOWN,UNKNOWN,EXTRACTED,HIGH,0,NOT_AVAILABLE,0,1081,0,22,0,0,0,,,1,"[""referenced_by_assets"",""cross_domain_references""]"
/Niagara/Enums/SpriteRenderer/ENiagara_ScaleSpriteSize.ENiagara_ScaleSpriteSize,ENiagara_ScaleSpriteSize,/Script/Engine.UserDefinedEnum,UNKNOWN,UNKNOWN,UNKNOWN,UNKNOWN,EXTRACTED,HIGH,0,NOT_AVAILABLE,0,1708,0,22,0,0,0,,,1,"[""referenced_by_assets"",""cross_domain_references""]"
/Niagara/Enums/Utility/ENiagara_VelocityMode.ENiagara_VelocityMode,ENiagara_VelocityMode,/Script/Engine.UserDefinedEnum,UNKNOWN,UNKNOWN,UNKNOWN,UNKNOWN,EXTRACTED,HIGH,0,NOT_AVAILABLE,0,1704,0,22,0,0,0,,,1,"[""referenced_by_assets"",""cross_domain_references""]"
/Niagara/Modules/Spawn/Location/V2/ShapeLocation.ShapeLocation,ShapeLocation,/Script/Niagara.NiagaraScript,UNKNOWN,UNKNOWN,UNKNOWN,UNKNOWN,EXTRACTED,HIGH,0,NOT_AVAILABLE,0,1882,0,22,0,0,0,,,1,"[""referenced_by_assets"",""cross_domain_references""]"
/Niagara/Modules/Update/Color/ScaleColor.ScaleColor,ScaleColor,/Script/Niagara.NiagaraScript,UNKNOWN,UNKNOWN,UNKNOWN,UNKNOWN,EXTRACTED,HIGH,0,NOT_AVAILABLE,0,1999,0,22,0,0,0,,,1,"[""referenced_by_assets"",""cross_domain_references""]"
/Engine/BasicShapes/BasicShapeMaterial.BasicShapeMaterial,BasicShapeMaterial,/Script/Engine.Material,UNKNOWN,UNKNOWN,UNKNOWN,UNKNOWN,EXTRACTED,HIGH,0,NOT_AVAILABLE,0,180,0,21,0,0,0,,,1,"[""referenced_by_assets"",""cross_domain_references""]"
/Engine/EngineMaterials/BlendFunc_DefBase.BlendFunc_DefBase,BlendFunc_DefBase,/Script/Engine.Texture2D,UNKNOWN,UNKNOWN,UNKNOWN,UNKNOWN,EXTRACTED,HIGH,0,NOT_AVAILABLE,0,542,0,21,0,0,0,,,1,"[""referenced_by_assets"",""cross_domain_references""]"
/Engine/EngineMaterials/BlendFunc_DefBlend.BlendFunc_DefBlend,BlendFunc_DefBlend,/Script/Engine.Texture2D,UNKNOWN,UNKNOWN,UNKNOWN,UNKNOWN,EXTRACTED,HIGH,0,NOT_AVAILABLE,0,542,0,21,0,0,0,,,1,"[""referenced_by_assets"",""cross_domain_references""]"
/Engine/Functions/Engine_MaterialFunctions02/Math/MakeVectorsOrthogonal.MakeVectorsOrthogonal,MakeVectorsOrthogonal,/Script/Engine.MaterialFunction,UNKNOWN,UNKNOWN,UNKNOWN,UNKNOWN,EXTRACTED,HIGH,0,NOT_AVAILABLE,0,296,0,21,0,0,0,,,1,"[""referenced_by_assets"",""cross_domain_references""]"
/Engine/Functions/Engine_MaterialFunctions02/Texturing/ScreenAlignedUVs.ScreenAlignedUVs,ScreenAlignedUVs,/Script/Engine.MaterialFunction,UNKNOWN,UNKNOWN,UNKNOWN,UNKNOWN,EXTRACTED,HIGH,0,NOT_AVAILABLE,0,262,0,21,0,0,0,,,1,"[""referenced_by_assets"",""cross_domain_references""]"
/Engine/Functions/Engine_MaterialFunctions03/Math/RemapValueRange.RemapValueRange,RemapValueRange,/Script/Engine.MaterialFunction,UNKNOWN,UNKNOWN,UNKNOWN,UNKNOWN,EXTRACTED,HIGH,0,NOT_AVAILABLE,0,1156,0,21,0,0,0,,,1,"[""referenced_by_assets"",""cross_domain_references""]"
/Game/PrimalEarth/General/BlueTranslucent.BlueTranslucent,BlueTranslucent,/Script/Engine.Material,UNKNOWN,UNKNOWN,UNKNOWN,UNKNOWN,EXTRACTED,HIGH,0,NOT_AVAILABLE,0,61,0,21,0,0,0,,,1,"[""referenced_by_assets"",""cross_domain_references""]"
/Niagara/Enums/ENiagaraCalculateRadiusOptions.ENiagaraCalculateRadiusOptions,ENiagaraCalculateRadiusOptions,/Script/Engine.UserDefinedEnum,UNKNOWN,UNKNOWN,UNKNOWN,UNKNOWN,EXTRACTED,HIGH,0,NOT_AVAILABLE,0,882,0,21,0,0,0,,,1,"[""referenced_by_assets"",""cross_domain_references""]"
/Niagara/Enums/ENiagaraVector3_Channels.ENiagaraVector3_Channels,ENiagaraVector3_Channels,/Script/Engine.UserDefinedEnum,UNKNOWN,UNKNOWN,UNKNOWN,UNKNOWN,EXTRACTED,HIGH,0,NOT_AVAILABLE,0,599,0,21,0,0,0,,,1,"[""referenced_by_assets"",""cross_domain_references""]"
/Niagara/Modules/Update/Forces/GravityForce.GravityForce,GravityForce,/Script/Niagara.NiagaraScript,UNKNOWN,UNKNOWN,UNKNOWN,UNKNOWN,EXTRACTED,HIGH,0,NOT_AVAILABLE,0,1529,0,21,0,0,0,,,1,"[""referenced_by_assets"",""cross_domain_references""]"
/Niagara/Modules/Update/Material/DynamicMaterialParameters.DynamicMaterialParameters,DynamicMaterialParameters,/Script/Niagara.NiagaraScript,UNKNOWN,UNKNOWN,UNKNOWN,UNKNOWN,EXTRACTED,HIGH,0,NOT_AVAILABLE,0,1631,0,21,0,0,0,,,1,"[""referenced_by_assets"",""cross_domain_references""]"
/Niagara/ParameterDefinitions/RibbonRenderer.RibbonRenderer,RibbonRenderer,/Script/NiagaraEditor.NiagaraParameterDefinitions,UNKNOWN,UNKNOWN,UNKNOWN,UNKNOWN,EXTRACTED,HIGH,0,NOT_AVAILABLE,0,1848,0,21,0,0,0,,,1,"[""referenced_by_assets"",""cross_domain_references""]"
/Engine/Animation/DefaultAnimBoneCompressionSettings.DefaultAnimBoneCompressionSettings,DefaultAnimBoneCompressionSettings,/Script/Engine.AnimBoneCompressionSettings,UNKNOWN,UNKNOWN,UNKNOWN,UNKNOWN,EXTRACTED,HIGH,0,NOT_AVAILABLE,0,5576,0,20,0,0,0,,,1,"[""referenced_by_assets"",""cross_domain_references""]"
/Engine/Animation/DefaultAnimCurveCompressionSettings.DefaultAnimCurveCompressionSettings,DefaultAnimCurveCompressionSettings,/Script/Engine.AnimCurveCompressionSettings,UNKNOWN,UNKNOWN,UNKNOWN,UNKNOWN,EXTRACTED,HIGH,0,NOT_AVAILABLE,0,8372,0,20,0,0,0,,,1,"[""referenced_by_assets"",""cross_domain_references""]"
/Engine/Functions/Engine_MaterialFunctions01/Gradient/RadialGradientExponential.RadialGradientExponential,RadialGradientExponential,/Script/Engine.MaterialFunction,UNKNOWN,UNKNOWN,UNKNOWN,UNKNOWN,EXTRACTED,HIGH,0,NOT_AVAILABLE,0,119,0,20,0,0,0,,,1,"[""referenced_by_assets"",""cross_domain_references""]"
/Engine/Functions/Engine_MaterialFunctions02/ScreenResolution.ScreenResolution,ScreenResolution,/Script/Engine.MaterialFunction,UNKNOWN,UNKNOWN,UNKNOWN,UNKNOWN,EXTRACTED,HIGH,0,NOT_AVAILABLE,0,156,0,20,0,0,0,,,1,"[""referenced_by_assets"",""cross_domain_references""]"
/Engine/Functions/Engine_MaterialFunctions02/UVs/WorldPositionBehindTranslucency.WorldPositionBehindTranslucency,WorldPositionBehindTranslucency,/Script/Engine.MaterialFunction,UNKNOWN,UNKNOWN,UNKNOWN,UNKNOWN,EXTRACTED,HIGH,0,NOT_AVAILABLE,0,154,0,20,0,0,0,,,1,"[""referenced_by_assets"",""cross_domain_references""]"
/Engine/Functions/Engine_MaterialFunctions02/Utility/AppendMany.AppendMany,AppendMany,/Script/Engine.MaterialFunction,UNKNOWN,UNKNOWN,UNKNOWN,UNKNOWN,EXTRACTED,HIGH,0,NOT_AVAILABLE,0,386,0,20,0,0,0,,,1,"[""referenced_by_assets"",""cross_domain_references""]"
/Engine/Functions/Engine_MaterialFunctions02/WorldPositionOffset/ObjectPivotPoint.ObjectPivotPoint,ObjectPivotPoint,/Script/Engine.MaterialFunction,UNKNOWN,UNKNOWN,UNKNOWN,UNKNOWN,EXTRACTED,HIGH,0,NOT_AVAILABLE,0,911,0,20,0,0,0,,,1,"[""referenced_by_assets"",""cross_domain_references""]"
/Game/ASA/CoreMaterials/Functions/Lighting/MF_EyeAdaptation.MF_EyeAdaptation,MF_EyeAdaptation,/Script/Engine.MaterialFunction,UNKNOWN,UNKNOWN,UNKNOWN,UNKNOWN,EXTRACTED,HIGH,0,NOT_AVAILABLE,0,1775,0,20,0,0,0,,,1,"[""referenced_by_assets"",""cross_domain_references""]"
/Game/OldAssets/Effects/Textures/Smoke/T_Clouds_01.T_Clouds_01,T_Clouds_01,/Script/Engine.Texture2D,UNKNOWN,UNKNOWN,UNKNOWN,UNKNOWN,EXTRACTED,HIGH,0,NOT_AVAILABLE,0,1351,0,20,0,0,0,,,1,"[""referenced_by_assets"",""cross_domain_references""]"
/Game/PrimalEarth/CoreBlueprints/NS_DinoFootprint_BP.NS_DinoFootprint_BP,NS_DinoFootprint_BP,/Script/Engine.Blueprint,/Game/PrimalEarth/CoreBlueprints/NS_DinoFootprint_BP.NS_DinoFootprint_BP_C,/Script/Niagara.NiagaraComponent,/Script/Niagara.NiagaraComponent,BPTYPE_Normal,EXTRACTED,HIGH,0,NOT_AVAILABLE,0,707,0,20,0,0,0,,,1,"[""referenced_by_assets"",""cross_domain_references""]"
/Game/PrimalEarth/Dinos/Raptor/Raptor_Character_BP.Raptor_Character_BP,Raptor_Character_BP,/Script/Engine.Blueprint,/Game/PrimalEarth/Dinos/Raptor/Raptor_Character_BP.Raptor_Character_BP_C,/Game/PrimalEarth/CoreBlueprints/Dino_Character_BP_Pack.Dino_Character_BP_Pack_C,/Script/ShooterGame.PrimalDinoCharacter,BPTYPE_Normal,EXTRACTED,HIGH,0,NOT_AVAILABLE,53,136,0,20,0,0,0,,,1,"[""has_descendants"",""referenced_by_assets"",""cross_domain_references""]"
/Game/PrimalEarth/General/Empty.Empty,Empty,/Script/Engine.Texture2D,UNKNOWN,UNKNOWN,UNKNOWN,UNKNOWN,EXTRACTED,HIGH,0,NOT_AVAILABLE,0,1847,0,20,0,0,0,,,1,"[""referenced_by_assets"",""cross_domain_references""]"
/Game/PrimalEarth/General/M_ConcreteReal.M_ConcreteReal,M_ConcreteReal,/Script/Engine.PhysicalMaterial,UNKNOWN,UNKNOWN,UNKNOWN,UNKNOWN,EXTRACTED,HIGH,0,NOT_AVAILABLE,0,31,0,20,0,0,0,,,1,"[""referenced_by_assets"",""cross_domain_references""]"
/Game/PrimalEarth/Sound/Attenuation/MediumSmall.MediumSmall,MediumSmall,/Script/Engine.SoundAttenuation,UNKNOWN,UNKNOWN,UNKNOWN,UNKNOWN,EXTRACTED,HIGH,0,NOT_AVAILABLE,0,1340,0,20,0,0,0,,,1,"[""referenced_by_assets"",""cross_domain_references""]"
/Niagara/DynamicInputs/LinearColor/MakeLinearColorFromVectorAndFloat.MakeLinearColorFromVectorAndFloat,MakeLinearColorFromVectorAndFloat,/Script/Niagara.NiagaraScript,UNKNOWN,UNKNOWN,UNKNOWN,UNKNOWN,EXTRACTED,HIGH,0,NOT_AVAILABLE,0,980,0,20,0,0,0,,,1,"[""referenced_by_assets"",""cross_domain_references""]"
/Niagara/Modules/Update/Forces/Drag.Drag,Drag,/Script/Niagara.NiagaraScript,UNKNOWN,UNKNOWN,UNKNOWN,UNKNOWN,EXTRACTED,HIGH,0,NOT_AVAILABLE,0,1722,0,20,0,0,0,,,1,"[""referenced_by_assets"",""cross_domain_references""]"
/Niagara/Modules/Update/Orientation/SpriteRotationRate.SpriteRotationRate,SpriteRotationRate,/Script/Niagara.NiagaraScript,UNKNOWN,UNKNOWN,UNKNOWN,UNKNOWN,EXTRACTED,HIGH,0,NOT_AVAILABLE,0,1194,0,20,0,0,0,,,1,"[""referenced_by_assets"",""cross_domain_references""]"
/Engine/BasicShapes/Plane.Plane,Plane,/Script/Engine.StaticMesh,UNKNOWN,UNKNOWN,UNKNOWN,UNKNOWN,EXTRACTED,HIGH,0,NOT_AVAILABLE,0,179,0,19,0,0,0,,,1,"[""referenced_by_assets"",""cross_domain_references""]"
/Engine/Functions/Engine_MaterialFunctions01/Density/ExponentialDensity.ExponentialDensity,ExponentialDensity,/Script/Engine.MaterialFunction,UNKNOWN,UNKNOWN,UNKNOWN,UNKNOWN,EXTRACTED,HIGH,0,NOT_AVAILABLE,0,139,0,19,0,0,0,,,1,"[""referenced_by_assets"",""cross_domain_references""]"
/Engine/Functions/Engine_MaterialFunctions01/ImageAdjustment/SCurve.SCurve,SCurve,/Script/Engine.MaterialFunction,UNKNOWN,UNKNOWN,UNKNOWN,UNKNOWN,EXTRACTED,HIGH,0,NOT_AVAILABLE,0,1617,0,19,0,0,0,,,1,"[""referenced_by_assets"",""cross_domain_references""]"
/Engine/Functions/Engine_MaterialFunctions01/Texturing/FlattenNormal.FlattenNormal,FlattenNormal,/Script/Engine.MaterialFunction,UNKNOWN,UNKNOWN,UNKNOWN,UNKNOWN,EXTRACTED,HIGH,0,NOT_AVAILABLE,0,411,0,19,0,0,0,,,1,"[""referenced_by_assets"",""cross_domain_references""]"
/Engine/Functions/Engine_MaterialFunctions01/Texturing/WorldAlignedTexture.WorldAlignedTexture,WorldAlignedTexture,/Script/Engine.MaterialFunction,UNKNOWN,UNKNOWN,UNKNOWN,UNKNOWN,EXTRACTED,HIGH,0,NOT_AVAILABLE,0,1684,0,19,0,0,0,,,1,"[""referenced_by_assets"",""cross_domain_references""]"
/Engine/Functions/Engine_MaterialFunctions02/Utility/VectorToRadialValue.VectorToRadialValue,VectorToRadialValue,/Script/Engine.MaterialFunction,UNKNOWN,UNKNOWN,UNKNOWN,UNKNOWN,EXTRACTED,HIGH,0,NOT_AVAILABLE,0,124,0,19,0,0,0,,,1,"[""referenced_by_assets"",""cross_domain_references""]"
/Engine/Functions/Engine_MaterialFunctions03/Procedurals/NormalFromHeightmap.NormalFromHeightmap,NormalFromHeightmap,/Script/Engine.MaterialFunction,UNKNOWN,UNKNOWN,UNKNOWN,UNKNOWN,EXTRACTED,HIGH,0,NOT_AVAILABLE,0,1459,0,19,0,0,0,,,1,"[""referenced_by_assets"",""cross_domain_references""]"
/Game/ASA/CoreMaterials/DefaultTextures/T_LinearGrayscale_VT.T_LinearGrayscale_VT,T_LinearGrayscale_VT,/Script/Engine.Texture2D,UNKNOWN,UNKNOWN,UNKNOWN,UNKNOWN,EXTRACTED,HIGH,0,NOT_AVAILABLE,0,2646,0,19,0,0,0,,,1,"[""referenced_by_assets"",""cross_domain_references""]"
/Game/Effects/Materials/MaterialFunctions/MF_VFX_EyeAdaptation.MF_VFX_EyeAdaptation,MF_VFX_EyeAdaptation,/Script/Engine.MaterialFunction,UNKNOWN,UNKNOWN,UNKNOWN,UNKNOWN,EXTRACTED,HIGH,0,NOT_AVAILABLE,0,1218,0,19,0,0,0,,,1,"[""referenced_by_assets"",""cross_domain_references""]"
/Game/PrimalEarth/CoreBlueprints/DamageTypes/DmgType_Instant.DmgType_Instant,DmgType_Instant,/Script/Engine.Blueprint,/Game/PrimalEarth/CoreBlueprints/DamageTypes/DmgType_Instant.DmgType_Instant_C,/Game/PrimalEarth/CoreBlueprints/DamageTypes/ShooterDamageTypeBP_Base.ShooterDamageTypeBP_Base_C,/Script/ShooterGame.ShooterDamageType,BPTYPE_Const,EXTRACTED,HIGH,0,NOT_AVAILABLE,43,890,0,19,0,0,0,,,1,"[""has_descendants"",""referenced_by_assets"",""cross_domain_references""]"
/Game/PrimalEarth/CoreBlueprints/ServerSidePoint_Huge.ServerSidePoint_Huge,ServerSidePoint_Huge,/Script/Engine.Blueprint,/Game/PrimalEarth/CoreBlueprints/ServerSidePoint_Huge.ServerSidePoint_Huge_C,/Game/PrimalEarth/CoreBlueprints/ServerSidePoint.ServerSidePoint_C,/Script/ShooterGame.PrimalPointNote,BPTYPE_Normal,EXTRACTED,HIGH,0,NOT_AVAILABLE,1,1728,0,19,0,0,0,,,1,"[""has_descendants"",""referenced_by_assets"",""cross_domain_references""]"
/Game/PrimalEarth/CoreMaterials/Functions/SurfaceShading/ARK-SSAO.ARK-SSAO,ARK-SSAO,/Script/Engine.MaterialFunction,UNKNOWN,UNKNOWN,UNKNOWN,UNKNOWN,EXTRACTED,HIGH,0,NOT_AVAILABLE,0,929,0,19,0,0,0,,,1,"[""referenced_by_assets"",""cross_domain_references""]"
/Game/PrimalEarth/Environment/Materials/IslandParameters.IslandParameters,IslandParameters,/Script/Engine.MaterialParameterCollection,UNKNOWN,UNKNOWN,UNKNOWN,UNKNOWN,EXTRACTED,HIGH,0,NOT_AVAILABLE,0,300,0,19,0,0,0,,,1,"[""referenced_by_assets"",""cross_domain_references""]"
/Game/PrimalEarth/General/WhiteTexture.WhiteTexture,WhiteTexture,/Script/Engine.Texture2D,UNKNOWN,UNKNOWN,UNKNOWN,UNKNOWN,EXTRACTED,HIGH,0,NOT_AVAILABLE,0,764,0,19,0,0,0,,,1,"[""referenced_by_assets"",""cross_domain_references""]"
/Niagara/DefaultAssets/DefaultSpriteMaterial.DefaultSpriteMaterial,DefaultSpriteMaterial,/Script/Engine.Material,UNKNOWN,UNKNOWN,UNKNOWN,UNKNOWN,EXTRACTED,HIGH,0,NOT_AVAILABLE,0,1074,0,19,0,0,0,,,1,"[""referenced_by_assets"",""cross_domain_references""]"
/Niagara/DynamicInputs/Multiply/Multiply_Vector.Multiply_Vector,Multiply_Vector,/Script/Niagara.NiagaraScript,UNKNOWN,UNKNOWN,UNKNOWN,UNKNOWN,EXTRACTED,HIGH,0,NOT_AVAILABLE,0,791,0,19,0,0,0,,,1,"[""referenced_by_assets"",""cross_domain_references""]"
/Niagara/DynamicInputs/TypeConversions/MakeFloatFromVector.MakeFloatFromVector,MakeFloatFromVector,/Script/Niagara.NiagaraScript,UNKNOWN,UNKNOWN,UNKNOWN,UNKNOWN,EXTRACTED,HIGH,0,NOT_AVAILABLE,0,876,0,19,0,0,0,,,1,"[""referenced_by_assets"",""cross_domain_references""]"
/Niagara/DynamicInputs/TypeConversions/VectorFromFloat.VectorFromFloat,VectorFromFloat,/Script/Niagara.NiagaraScript,UNKNOWN,UNKNOWN,UNKNOWN,UNKNOWN,EXTRACTED,HIGH,0,NOT_AVAILABLE,0,539,0,19,0,0,0,,,1,"[""referenced_by_assets"",""cross_domain_references""]"
/Niagara/DynamicInputs/TypeConversions/VectorLength.VectorLength,VectorLength,/Script/Niagara.NiagaraScript,UNKNOWN,UNKNOWN,UNKNOWN,UNKNOWN,EXTRACTED,HIGH,0,NOT_AVAILABLE,0,451,0,19,0,0,0,,,1,"[""referenced_by_assets"",""cross_domain_references""]"
/Niagara/Enums/ENiagaraBooleanLogicOps_v2.ENiagaraBooleanLogicOps_v2,ENiagaraBooleanLogicOps_v2,/Script/Engine.UserDefinedEnum,UNKNOWN,UNKNOWN,UNKNOWN,UNKNOWN,EXTRACTED,HIGH,0,NOT_AVAILABLE,0,523,0,19,0,0,0,,,1,"[""referenced_by_assets"",""cross_domain_references""]"
/Niagara/Enums/ENiagaraCollisionRadiusOptions.ENiagaraCollisionRadiusOptions,ENiagaraCollisionRadiusOptions,/Script/Engine.UserDefinedEnum,UNKNOWN,UNKNOWN,UNKNOWN,UNKNOWN,EXTRACTED,HIGH,0,NOT_AVAILABLE,0,718,0,19,0,0,0,,,1,"[""referenced_by_assets"",""cross_domain_references""]"
/Niagara/Modules/Update/SubUV/V2/SubUVAnimation.SubUVAnimation,SubUVAnimation,/Script/Niagara.NiagaraScript,UNKNOWN,UNKNOWN,UNKNOWN,UNKNOWN,EXTRACTED,HIGH,0,NOT_AVAILABLE,0,1056,0,19,0,0,0,,,1,"[""referenced_by_assets"",""cross_domain_references""]"
/Niagara/ParameterDefinitions/MeshRenderer.MeshRenderer,MeshRenderer,/Script/NiagaraEditor.NiagaraParameterDefinitions,UNKNOWN,UNKNOWN,UNKNOWN,UNKNOWN,EXTRACTED,HIGH,0,NOT_AVAILABLE,0,1135,0,19,0,0,0,,,1,"[""referenced_by_assets"",""cross_domain_references""]"
/ControlRig/Controls/DefaultGizmoLibraryNormalized.DefaultGizmoLibraryNormalized,DefaultGizmoLibraryNormalized,/Script/ControlRig.ControlRigShapeLibrary,UNKNOWN,UNKNOWN,UNKNOWN,UNKNOWN,EXTRACTED,HIGH,0,NOT_AVAILABLE,0,533,0,18,0,0,0,,,1,"[""referenced_by_assets"",""cross_domain_references""]"
/Engine/EngineResources/Black.Black,Black,/Script/Engine.Texture2D,UNKNOWN,UNKNOWN,UNKNOWN,UNKNOWN,EXTRACTED,HIGH,0,NOT_AVAILABLE,0,223,0,18,0,0,0,,,1,"[""referenced_by_assets"",""cross_domain_references""]"
/Engine/Functions/Engine_MaterialFunctions01/Gradient/BoxMask-2D.BoxMask-2D,BoxMask-2D,/Script/Engine.MaterialFunction,UNKNOWN,UNKNOWN,UNKNOWN,UNKNOWN,EXTRACTED,HIGH,0,NOT_AVAILABLE,0,465,0,18,0,0,0,,,1,"[""referenced_by_assets"",""cross_domain_references""]"
/Engine/Functions/Engine_MaterialFunctions01/ImageAdjustment/BlurSampleOffsets.BlurSampleOffsets,BlurSampleOffsets,/Script/Engine.MaterialFunction,UNKNOWN,UNKNOWN,UNKNOWN,UNKNOWN,EXTRACTED,HIGH,0,NOT_AVAILABLE,0,87,0,18,0,0,0,,,1,"[""referenced_by_assets"",""cross_domain_references""]"
/Engine/Functions/Engine_MaterialFunctions02/ExampleContent/Textures/LowResBlurredNoise.LowResBlurredNoise,LowResBlurredNoise,/Script/Engine.Texture2D,UNKNOWN,UNKNOWN,UNKNOWN,UNKNOWN,EXTRACTED,HIGH,0,NOT_AVAILABLE,0,175,0,18,0,0,0,,,1,"[""referenced_by_assets"",""cross_domain_references""]"
/Engine/Functions/Engine_MaterialFunctions02/Math/Pi.Pi,Pi,/Script/Engine.MaterialFunction,UNKNOWN,UNKNOWN,UNKNOWN,UNKNOWN,EXTRACTED,HIGH,0,NOT_AVAILABLE,0,130,0,18,0,0,0,,,1,"[""referenced_by_assets"",""cross_domain_references""]"
/Engine/Functions/Engine_MaterialFunctions02/Utility/DebugFloat2Values.DebugFloat2Values,DebugFloat2Values,/Script/Engine.MaterialFunction,UNKNOWN,UNKNOWN,UNKNOWN,UNKNOWN,EXTRACTED,HIGH,0,NOT_AVAILABLE,0,75,0,18,0,0,0,,,1,"[""referenced_by_assets"",""cross_domain_references""]"
/Engine/Functions/Engine_MaterialFunctions02/Utility/Swizzle.Swizzle,Swizzle,/Script/Engine.MaterialFunction,UNKNOWN,UNKNOWN,UNKNOWN,UNKNOWN,EXTRACTED,HIGH,0,NOT_AVAILABLE,0,150,0,18,0,0,0,,,1,"[""referenced_by_assets"",""cross_domain_references""]"
/Engine/Functions/Engine_MaterialFunctions03/Blends/Blend_Overlay.Blend_Overlay,Blend_Overlay,/Script/Engine.MaterialFunction,UNKNOWN,UNKNOWN,UNKNOWN,UNKNOWN,EXTRACTED,HIGH,0,NOT_AVAILABLE,0,587,0,18,0,0,0,,,1,"[""referenced_by_assets"",""cross_domain_references""]"
/Game/OldAssets/Sounds/SoundClassesAndMixes/Creatures.Creatures,Creatures,/Script/Engine.SoundClass,UNKNOWN,UNKNOWN,UNKNOWN,UNKNOWN,EXTRACTED,HIGH,0,NOT_AVAILABLE,0,11405,0,18,0,0,0,,,1,"[""referenced_by_assets"",""cross_domain_references""]"
/Game/PrimalEarth/CoreAI/DinoAttackStateMelee.DinoAttackStateMelee,DinoAttackStateMelee,/Script/Engine.Blueprint,/Game/PrimalEarth/CoreAI/DinoAttackStateMelee.DinoAttackStateMelee_C,/Script/ShooterGame.PrimalAIStateDinoMeleeState,UNKNOWN,BPTYPE_Normal,EXTRACTED,HIGH,0,NOT_AVAILABLE,27,714,0,18,0,0,0,,,1,"[""has_descendants"",""referenced_by_assets"",""cross_domain_references""]"
/Game/PrimalEarth/CoreBlueprints/Resources/PrimalItemResource_Fibers.PrimalItemResource_Fibers,PrimalItemResource_Fibers,/Script/Engine.Blueprint,/Game/PrimalEarth/CoreBlueprints/Resources/PrimalItemResource_Fibers.PrimalItemResource_Fibers_C,/Game/PrimalEarth/CoreBlueprints/Resources/PrimalItemResourceGeneric.PrimalItemResourceGeneric_C,/Script/ShooterGame.PrimalItem,BPTYPE_Normal,EXTRACTED,HIGH,0,NOT_AVAILABLE,1,574,0,18,0,0,0,,,1,"[""has_descendants"",""referenced_by_assets"",""cross_domain_references""]"
/Game/PrimalEarth/Environment/Water/IslandWater.IslandWater,IslandWater,/Script/Engine.MaterialParameterCollection,UNKNOWN,UNKNOWN,UNKNOWN,UNKNOWN,EXTRACTED,HIGH,0,NOT_AVAILABLE,0,1231,0,18,0,0,0,,,1,"[""referenced_by_assets"",""cross_domain_references""]"
/Niagara/DynamicInputs/Clamp/ClampFloat.ClampFloat,ClampFloat,/Script/Niagara.NiagaraScript,UNKNOWN,UNKNOWN,UNKNOWN,UNKNOWN,EXTRACTED,HIGH,0,NOT_AVAILABLE,0,862,0,18,0,0,0,,,1,"[""referenced_by_assets"",""cross_domain_references""]"
/Niagara/DynamicInputs/TypeConversions/MakeCustomFloatFromBool.MakeCustomFloatFromBool,MakeCustomFloatFromBool,/Script/Niagara.NiagaraScript,UNKNOWN,UNKNOWN,UNKNOWN,UNKNOWN,EXTRACTED,HIGH,0,NOT_AVAILABLE,0,536,0,18,0,0,0,,,1,"[""referenced_by_assets"",""cross_domain_references""]"
/Niagara/Enums/ENiagaraCurlNoiseQuality.ENiagaraCurlNoiseQuality,ENiagaraCurlNoiseQuality,/Script/Engine.UserDefinedEnum,UNKNOWN,UNKNOWN,UNKNOWN,UNKNOWN,EXTRACTED,HIGH,0,NOT_AVAILABLE,0,1247,0,18,0,0,0,,,1,"[""referenced_by_assets"",""cross_domain_references""]"
/Niagara/Enums/ENiagaraFrictionMergeType.ENiagaraFrictionMergeType,ENiagaraFrictionMergeType,/Script/Engine.UserDefinedEnum,UNKNOWN,UNKNOWN,UNKNOWN,UNKNOWN,EXTRACTED,HIGH,0,NOT_AVAILABLE,0,719,0,18,0,0,0,,,1,"[""referenced_by_assets"",""cross_domain_references""]"
/Niagara/Enums/ENiagaraRestitutionMergeType.ENiagaraRestitutionMergeType,ENiagaraRestitutionMergeType,/Script/Engine.UserDefinedEnum,UNKNOWN,UNKNOWN,UNKNOWN,UNKNOWN,EXTRACTED,HIGH,0,NOT_AVAILABLE,0,719,0,18,0,0,0,,,1,"[""referenced_by_assets"",""cross_domain_references""]"
/Niagara/Enums/ENiagara_CPUCollisionType.ENiagara_CPUCollisionType,ENiagara_CPUCollisionType,/Script/Engine.UserDefinedEnum,UNKNOWN,UNKNOWN,UNKNOWN,UNKNOWN,EXTRACTED,HIGH,0,NOT_AVAILABLE,0,719,0,18,0,0,0,,,1,"[""referenced_by_assets"",""cross_domain_references""]"
/Niagara/Enums/ENiagara_GPUCollisionType.ENiagara_GPUCollisionType,ENiagara_GPUCollisionType,/Script/Engine.UserDefinedEnum,UNKNOWN,UNKNOWN,UNKNOWN,UNKNOWN,EXTRACTED,HIGH,0,NOT_AVAILABLE,0,719,0,18,0,0,0,,,1,"[""referenced_by_assets"",""cross_domain_references""]"
/Niagara/Modules/Collision/Collision.Collision,Collision,/Script/Niagara.NiagaraScript,UNKNOWN,UNKNOWN,UNKNOWN,UNKNOWN,EXTRACTED,HIGH,0,NOT_AVAILABLE,0,718,0,18,0,0,0,,,1,"[""referenced_by_assets"",""cross_domain_references""]"
/Niagara/Modules/Update/Size/ScaleSpriteSizeBySpeed.ScaleSpriteSizeBySpeed,ScaleSpriteSizeBySpeed,/Script/Niagara.NiagaraScript,UNKNOWN,UNKNOWN,UNKNOWN,UNKNOWN,EXTRACTED,HIGH,0,NOT_AVAILABLE,0,707,0,18,0,0,0,,,1,"[""referenced_by_assets"",""cross_domain_references""]"
/Engine/Functions/Engine_MaterialFunctions01/Units/Km-to-Cm.Km-to-Cm,Km-to-Cm,/Script/Engine.MaterialFunction,UNKNOWN,UNKNOWN,UNKNOWN,UNKNOWN,EXTRACTED,HIGH,0,NOT_AVAILABLE,0,764,0,17,0,0,0,,,1,"[""referenced_by_assets"",""cross_domain_references""]"
/Engine/Functions/Engine_MaterialFunctions02/Texturing/WorldPositionWithScale.WorldPositionWithScale,WorldPositionWithScale,/Script/Engine.MaterialFunction,UNKNOWN,UNKNOWN,UNKNOWN,UNKNOWN,EXTRACTED,HIGH,0,NOT_AVAILABLE,0,125,0,17,0,0,0,,,1,"[""referenced_by_assets"",""cross_domain_references""]"
/Engine/Functions/Engine_MaterialFunctions02/Utility/DebugFloat4Values.DebugFloat4Values,DebugFloat4Values,/Script/Engine.MaterialFunction,UNKNOWN,UNKNOWN,UNKNOWN,UNKNOWN,EXTRACTED,HIGH,0,NOT_AVAILABLE,0,121,0,17,0,0,0,,,1,"[""referenced_by_assets"",""cross_domain_references""]"
/Engine/Functions/Engine_MaterialFunctions02/WorldPositionOffset/LocalPosition.LocalPosition,LocalPosition,/Script/Engine.MaterialFunction,UNKNOWN,UNKNOWN,UNKNOWN,UNKNOWN,EXTRACTED,HIGH,0,NOT_AVAILABLE,0,51,0,17,0,0,0,,,1,"[""referenced_by_assets"",""cross_domain_references""]"
/Engine/Functions/Engine_MaterialFunctions03/Math/RemapValueRangeNormalized.RemapValueRangeNormalized,RemapValueRangeNormalized,/Script/Engine.MaterialFunction,UNKNOWN,UNKNOWN,UNKNOWN,UNKNOWN,EXTRACTED,HIGH,0,NOT_AVAILABLE,0,857,0,17,0,0,0,,,1,"[""referenced_by_assets"",""cross_domain_references""]"
/Engine/Functions/MaterialLayerFunctions/MatLayerBlend_Standard.MatLayerBlend_Standard,MatLayerBlend_Standard,/Script/Engine.MaterialFunction,UNKNOWN,UNKNOWN,UNKNOWN,UNKNOWN,EXTRACTED,HIGH,0,NOT_AVAILABLE,0,1124,0,17,0,0,0,,,1,"[""referenced_by_assets"",""cross_domain_references""]"
/Game/ASA/CoreMaterials/DefaultTextures/T_Alpha.T_Alpha,T_Alpha,/Script/Engine.Texture2D,UNKNOWN,UNKNOWN,UNKNOWN,UNKNOWN,EXTRACTED,HIGH,0,NOT_AVAILABLE,0,1760,0,17,0,0,0,,,1,"[""referenced_by_assets"",""cross_domain_references""]"
/Game/GunImpacts/Materials/Functions/NearCameraFade.NearCameraFade,NearCameraFade,/Script/Engine.MaterialFunction,UNKNOWN,UNKNOWN,UNKNOWN,UNKNOWN,EXTRACTED,HIGH,0,NOT_AVAILABLE,0,641,0,17,0,0,0,,,1,"[""referenced_by_assets"",""cross_domain_references""]"
/Game/Mods/LostIsland/Assets/Ruins/Ruins_F5/Meshes/Trap/ExtraAssets/T_Noise01.T_Noise01,T_Noise01,/Script/Engine.Texture2D,UNKNOWN,UNKNOWN,UNKNOWN,UNKNOWN,EXTRACTED,HIGH,0,NOT_AVAILABLE,0,1770,0,17,0,0,0,,,1,"[""referenced_by_assets"",""cross_domain_references""]"
/Game/OldAssets/Sounds/SoundClassesAndMixes/SFX.SFX,SFX,/Script/Engine.SoundClass,UNKNOWN,UNKNOWN,UNKNOWN,UNKNOWN,EXTRACTED,HIGH,0,NOT_AVAILABLE,0,2555,0,17,0,0,0,,,1,"[""referenced_by_assets"",""cross_domain_references""]"
/Game/PrimalEarth/CoreBlueprints/Resources/PrimalItemResource_Wood.PrimalItemResource_Wood,PrimalItemResource_Wood,/Script/Engine.Blueprint,/Game/PrimalEarth/CoreBlueprints/Resources/PrimalItemResource_Wood.PrimalItemResource_Wood_C,/Game/PrimalEarth/CoreBlueprints/Resources/PrimalItemResourceGeneric.PrimalItemResourceGeneric_C,/Script/ShooterGame.PrimalItem,BPTYPE_Normal,EXTRACTED,HIGH,0,NOT_AVAILABLE,3,483,0,17,0,0,0,,,1,"[""has_descendants"",""referenced_by_assets"",""cross_domain_references""]"
/Game/PrimalEarth/CoreMaterials/Functions/Utility/ARK-TimeOfDayMult.ARK-TimeOfDayMult,ARK-TimeOfDayMult,/Script/Engine.MaterialFunction,UNKNOWN,UNKNOWN,UNKNOWN,UNKNOWN,EXTRACTED,HIGH,0,NOT_AVAILABLE,0,1044,0,17,0,0,0,,,1,"[""referenced_by_assets"",""cross_domain_references""]"
/Game/PrimalEarth/Dinos/Argentavis/Argent_Character_BP.Argent_Character_BP,Argent_Character_BP,/Script/Engine.Blueprint,/Game/PrimalEarth/Dinos/Argentavis/Argent_Character_BP.Argent_Character_BP_C,/Game/PrimalEarth/CoreBlueprints/Dino_Character_BP.Dino_Character_BP_C,/Script/ShooterGame.PrimalDinoCharacter,BPTYPE_Normal,EXTRACTED,HIGH,0,NOT_AVAILABLE,14,65,0,17,0,0,0,,,1,"[""has_descendants"",""referenced_by_assets"",""cross_domain_references""]"
/Game/PrimalEarth/Effects/Textures/Generic/cloudNoise_Soft.cloudNoise_Soft,cloudNoise_Soft,/Script/Engine.Texture2D,UNKNOWN,UNKNOWN,UNKNOWN,UNKNOWN,EXTRACTED,HIGH,0,NOT_AVAILABLE,0,290,0,17,0,0,0,,,1,"[""referenced_by_assets"",""cross_domain_references""]"
/Game/PrimalEarth/General/M_Default.M_Default,M_Default,/Script/PhysicsCore.PhysicalMaterial,UNKNOWN,UNKNOWN,UNKNOWN,UNKNOWN,EXTRACTED,HIGH,0,NOT_AVAILABLE,0,1598,0,17,0,0,0,,,1,"[""referenced_by_assets"",""cross_domain_references""]"
/Game/PrimalEarth/Structures/BuildingBases/StructureBaseBP.StructureBaseBP,StructureBaseBP,/Script/Engine.Blueprint,/Game/PrimalEarth/Structures/BuildingBases/StructureBaseBP.StructureBaseBP_C,/Script/ShooterGame.PrimalStructure,/Script/ShooterGame.PrimalStructure,BPTYPE_Normal,EXTRACTED,HIGH,0,NOT_AVAILABLE,1058,943,0,17,0,0,0,,,1,"[""has_descendants"",""referenced_by_assets"",""cross_domain_references""]"
/Game/PrimalEarth/Structures/Wooden/StructureSettings_BrokenByMetal.StructureSettings_BrokenByMetal,StructureSettings_BrokenByMetal,/Script/Engine.Blueprint,/Game/PrimalEarth/Structures/Wooden/StructureSettings_BrokenByMetal.StructureSettings_BrokenByMetal_C,/Game/PrimalEarth/Structures/BuildingBases/GenericStructureSettings.GenericStructureSettings_C,/Script/ShooterGame.PrimalStructureSettings,BPTYPE_Normal,EXTRACTED,HIGH,0,NOT_AVAILABLE,1,218,0,17,0,0,0,,,1,"[""has_descendants"",""referenced_by_assets"",""cross_domain_references""]"
/Game/steampunk_pack/Textures/white.white,white,/Script/Engine.Texture2D,UNKNOWN,UNKNOWN,UNKNOWN,UNKNOWN,EXTRACTED,HIGH,0,NOT_AVAILABLE,0,124,0,17,0,0,0,,,1,"[""referenced_by_assets"",""cross_domain_references""]"
/Niagara/DefaultAssets/Templates/CascadeConversion/CompletelyEmpty.CompletelyEmpty,CompletelyEmpty,/Script/Niagara.NiagaraEmitter,UNKNOWN,UNKNOWN,UNKNOWN,UNKNOWN,EXTRACTED,HIGH,0,NOT_AVAILABLE,0,550,0,17,0,0,0,,,1,"[""referenced_by_assets"",""cross_domain_references""]"
/Niagara/DynamicInputs/Bool/v2/SetBoolByFloatComparison.SetBoolByFloatComparison,SetBoolByFloatComparison,/Script/Niagara.NiagaraScript,UNKNOWN,UNKNOWN,UNKNOWN,UNKNOWN,EXTRACTED,HIGH,0,NOT_AVAILABLE,0,510,0,17,0,0,0,,,1,"[""referenced_by_assets"",""cross_domain_references""]"
/Niagara/DynamicInputs/TypeConversions/MakeVector2D.MakeVector2D,MakeVector2D,/Script/Niagara.NiagaraScript,UNKNOWN,UNKNOWN,UNKNOWN,UNKNOWN,EXTRACTED,HIGH,0,NOT_AVAILABLE,0,334,0,17,0,0,0,,,1,"[""referenced_by_assets"",""cross_domain_references""]"
/Niagara/DynamicInputs/UniformRange/V2/RandomRangeInt.RandomRangeInt,RandomRangeInt,/Script/Niagara.NiagaraScript,UNKNOWN,UNKNOWN,UNKNOWN,UNKNOWN,EXTRACTED,HIGH,0,NOT_AVAILABLE,0,557,0,17,0,0,0,,,1,"[""referenced_by_assets"",""cross_domain_references""]"
/Niagara/DynamicInputs/UniformRange/V2/RandomRangeVector.RandomRangeVector,RandomRangeVector,/Script/Niagara.NiagaraScript,UNKNOWN,UNKNOWN,UNKNOWN,UNKNOWN,EXTRACTED,HIGH,0,NOT_AVAILABLE,0,1482,0,17,0,0,0,,,1,"[""referenced_by_assets"",""cross_domain_references""]"
/Niagara/DynamicInputs/ValueFromCurve/VectorFromCurve.VectorFromCurve,VectorFromCurve,/Script/Niagara.NiagaraScript,UNKNOWN,UNKNOWN,UNKNOWN,UNKNOWN,EXTRACTED,HIGH,0,NOT_AVAILABLE,0,658,0,17,0,0,0,,,1,"[""referenced_by_assets"",""cross_domain_references""]"
/Niagara/Enums/ENiagara_WrapClamp.ENiagara_WrapClamp,ENiagara_WrapClamp,/Script/Engine.UserDefinedEnum,UNKNOWN,UNKNOWN,UNKNOWN,UNKNOWN,EXTRACTED,HIGH,0,NOT_AVAILABLE,0,873,0,17,0,0,0,,,1,"[""referenced_by_assets"",""cross_domain_references""]"
/Niagara/Modules/Solvers/ApplyInitialForces.ApplyInitialForces,ApplyInitialForces,/Script/Niagara.NiagaraScript,UNKNOWN,UNKNOWN,UNKNOWN,UNKNOWN,EXTRACTED,HIGH,0,NOT_AVAILABLE,0,1001,0,17,0,0,0,,,1,"[""referenced_by_assets"",""cross_domain_references""]"
/Engine/ArtTools/RenderToTexture/Textures/127grey.127grey,127grey,/Script/Engine.Texture2D,UNKNOWN,UNKNOWN,UNKNOWN,UNKNOWN,EXTRACTED,HIGH,0,NOT_AVAILABLE,0,61,0,16,0,0,0,,,1,"[""referenced_by_assets"",""cross_domain_references""]"
/Engine/EngineDebugMaterials/HeatmapGradient.HeatmapGradient,HeatmapGradient,/Script/Engine.Texture2D,UNKNOWN,UNKNOWN,UNKNOWN,UNKNOWN,EXTRACTED,HIGH,0,NOT_AVAILABLE,0,89,0,16,0,0,0,,,1,"[""referenced_by_assets"",""cross_domain_references""]"
/Engine/EngineMaterials/BaseFlattenNormalMap.BaseFlattenNormalMap,BaseFlattenNormalMap,/Script/Engine.Texture2D,UNKNOWN,UNKNOWN,UNKNOWN,UNKNOWN,EXTRACTED,HIGH,0,NOT_AVAILABLE,0,572,0,16,0,0,0,,,1,"[""referenced_by_assets"",""cross_domain_references""]"
/Engine/EngineMaterials/DefaultMaterial.DefaultMaterial,DefaultMaterial,/Script/Engine.Material,UNKNOWN,UNKNOWN,UNKNOWN,UNKNOWN,EXTRACTED,HIGH,0,NOT_AVAILABLE,0,30,0,16,0,0,0,,,1,"[""referenced_by_assets"",""cross_domain_references""]"
/Engine/EngineMaterials/DefaultNormal_Uncompressed.DefaultNormal_Uncompressed,DefaultNormal_Uncompressed,/Script/Engine.Texture2D,UNKNOWN,UNKNOWN,UNKNOWN,UNKNOWN,EXTRACTED,HIGH,0,NOT_AVAILABLE,0,567,0,16,0,0,0,,,1,"[""referenced_by_assets"",""cross_domain_references""]"
/Engine/EngineMaterials/FlatNormal.FlatNormal,FlatNormal,/Script/Engine.Texture2D,UNKNOWN,UNKNOWN,UNKNOWN,UNKNOWN,EXTRACTED,HIGH,0,NOT_AVAILABLE,0,282,0,16,0,0,0,,,1,"[""referenced_by_assets"",""cross_domain_references""]"
/Engine/Functions/Engine_MaterialFunctions01/Gradient/SphereGradient-2D.SphereGradient-2D,SphereGradient-2D,/Script/Engine.MaterialFunction,UNKNOWN,UNKNOWN,UNKNOWN,UNKNOWN,EXTRACTED,HIGH,0,NOT_AVAILABLE,0,90,0,16,0,0,0,,,1,"[""referenced_by_assets"",""cross_domain_references""]"
/Engine/Functions/Engine_MaterialFunctions02/Math/TransformToZVector.TransformToZVector,TransformToZVector,/Script/Engine.MaterialFunction,UNKNOWN,UNKNOWN,UNKNOWN,UNKNOWN,EXTRACTED,HIGH,0,NOT_AVAILABLE,0,45,0,16,0,0,0,,,1,"[""referenced_by_assets"",""cross_domain_references""]"
/Engine/Functions/Engine_MaterialFunctions02/SplitComponents.SplitComponents,SplitComponents,/Script/Engine.MaterialFunction,UNKNOWN,UNKNOWN,UNKNOWN,UNKNOWN,EXTRACTED,HIGH,0,NOT_AVAILABLE,0,705,0,16,0,0,0,,,1,"[""referenced_by_assets"",""cross_domain_references""]"
/Engine/Functions/Engine_MaterialFunctions02/TangentBasis.TangentBasis,TangentBasis,/Script/Engine.MaterialFunction,UNKNOWN,UNKNOWN,UNKNOWN,UNKNOWN,EXTRACTED,HIGH,0,NOT_AVAILABLE,0,200,0,16,0,0,0,,,1,"[""referenced_by_assets"",""cross_domain_references""]"
/Engine/Functions/Engine_MaterialFunctions02/Texturing/HeightLerp.HeightLerp,HeightLerp,/Script/Engine.MaterialFunction,UNKNOWN,UNKNOWN,UNKNOWN,UNKNOWN,EXTRACTED,HIGH,0,NOT_AVAILABLE,0,412,0,16,0,0,0,,,1,"[""referenced_by_assets"",""cross_domain_references""]"
/Engine/Functions/Engine_MaterialFunctions02/Utility/Sign.Sign,Sign,/Script/Engine.MaterialFunction,UNKNOWN,UNKNOWN,UNKNOWN,UNKNOWN,EXTRACTED,HIGH,0,NOT_AVAILABLE,0,278,0,16,0,0,0,,,1,"[""referenced_by_assets"",""cross_domain_references""]"
/Engine/Functions/Engine_MaterialFunctions02/WorldPositionOffset/V2/ObjectScale.ObjectScale,ObjectScale,/Script/Engine.MaterialFunction,UNKNOWN,UNKNOWN,UNKNOWN,UNKNOWN,EXTRACTED,HIGH,0,NOT_AVAILABLE,0,906,0,16,0,0,0,,,1,"[""referenced_by_assets"",""cross_domain_references""]"
/Game/ASA/CoreMaterials/DefaultTextures/DefaultTexture_VT.DefaultTexture_VT,DefaultTexture_VT,/Script/Engine.Texture2D,UNKNOWN,UNKNOWN,UNKNOWN,UNKNOWN,EXTRACTED,HIGH,0,NOT_AVAILABLE,0,1835,0,16,0,0,0,,,1,"[""referenced_by_assets"",""cross_domain_references""]"
/Game/ASA/CoreMaterials/Functions/Colorization/ASA_PrimData_Paramaters.ASA_PrimData_Paramaters,ASA_PrimData_Paramaters,/Script/Engine.MaterialFunction,UNKNOWN,UNKNOWN,UNKNOWN,UNKNOWN,EXTRACTED,HIGH,0,NOT_AVAILABLE,0,1225,0,16,0,0,0,,,1,"[""referenced_by_assets"",""cross_domain_references""]"
/Game/ASA/CoreMaterials/Functions/Landscape/MF_LandscapeUVs.MF_LandscapeUVs,MF_LandscapeUVs,/Script/Engine.MaterialFunction,UNKNOWN,UNKNOWN,UNKNOWN,UNKNOWN,EXTRACTED,HIGH,0,NOT_AVAILABLE,0,976,0,16,0,0,0,,,1,"[""referenced_by_assets"",""cross_domain_references""]"
/Game/ASA/CoreMaterials/Functions/Math/ASA_MaxComponent.ASA_MaxComponent,ASA_MaxComponent,/Script/Engine.MaterialFunction,UNKNOWN,UNKNOWN,UNKNOWN,UNKNOWN,EXTRACTED,HIGH,0,NOT_AVAILABLE,0,1131,0,16,0,0,0,,,1,"[""referenced_by_assets"",""cross_domain_references""]"
/Game/ASA/CoreTextures/Customization/Stone/Swatch_Rock_Smooth_CCOT.Swatch_Rock_Smooth_CCOT,Swatch_Rock_Smooth_CCOT,/Script/Engine.Texture2D,UNKNOWN,UNKNOWN,UNKNOWN,UNKNOWN,EXTRACTED,HIGH,0,NOT_AVAILABLE,0,1418,0,16,0,0,0,,,1,"[""referenced_by_assets"",""cross_domain_references""]"
/Game/ASA/CoreTextures/Customization/Stone/Swatch_Rock_Smooth_normal.Swatch_Rock_Smooth_normal,Swatch_Rock_Smooth_normal,/Script/Engine.Texture2D,UNKNOWN,UNKNOWN,UNKNOWN,UNKNOWN,EXTRACTED,HIGH,0,NOT_AVAILABLE,0,1420,0,16,0,0,0,,,1,"[""referenced_by_assets"",""cross_domain_references""]"
/Game/PrimalEarth/CoreAI/Dino_AIController_BP.Dino_AIController_BP,Dino_AIController_BP,/Script/Engine.Blueprint,/Game/PrimalEarth/CoreAI/Dino_AIController_BP.Dino_AIController_BP_C,/Script/ShooterGame.PrimalDinoAIController,/Script/ShooterGame.PrimalDinoAIController,BPTYPE_Normal,EXTRACTED,HIGH,0,NOT_AVAILABLE,566,312,0,16,0,0,0,,,1,"[""has_descendants"",""referenced_by_assets"",""cross_domain_references""]"
/Game/PrimalEarth/CoreBlueprints/DayCycleManagerBase_TestMap.DayCycleManagerBase_TestMap,DayCycleManagerBase_TestMap,/Script/Engine.Blueprint,/Game/PrimalEarth/CoreBlueprints/DayCycleManagerBase_TestMap.DayCycleManagerBase_TestMap_C,/Game/PrimalEarth/CoreBlueprints/DayCycleManagerBase.DayCycleManagerBase_C,UNKNOWN,BPTYPE_Normal,EXTRACTED,HIGH,0,NOT_AVAILABLE,0,30,0,16,0,0,0,,,1,"[""referenced_by_assets"",""cross_domain_references""]"
/Game/PrimalEarth/CoreBlueprints/Resources/PrimalItemResource_Hide.PrimalItemResource_Hide,PrimalItemResource_Hide,/Script/Engine.Blueprint,/Game/PrimalEarth/CoreBlueprints/Resources/PrimalItemResource_Hide.PrimalItemResource_Hide_C,/Game/PrimalEarth/CoreBlueprints/Resources/PrimalItemResourceGeneric.PrimalItemResourceGeneric_C,/Script/ShooterGame.PrimalItem,BPTYPE_Normal,EXTRACTED,HIGH,0,NOT_AVAILABLE,0,528,0,16,0,0,0,,,1,"[""referenced_by_assets"",""cross_domain_references""]"
/Game/PrimalEarth/CoreBlueprints/Resources/PrimalItemResource_Thatch.PrimalItemResource_Thatch,PrimalItemResource_Thatch,/Script/Engine.Blueprint,/Game/PrimalEarth/CoreBlueprints/Resources/PrimalItemResource_Thatch.PrimalItemResource_Thatch_C,/Game/PrimalEarth/CoreBlueprints/Resources/PrimalItemResourceGeneric.PrimalItemResourceGeneric_C,/Script/ShooterGame.PrimalItem,BPTYPE_Normal,EXTRACTED,HIGH,0,NOT_AVAILABLE,0,351,0,16,0,0,0,,,1,"[""referenced_by_assets"",""cross_domain_references""]"
/Game/PrimalEarth/Dinos/Rex/Rex_Character_BP.Rex_Character_BP,Rex_Character_BP,/Script/Engine.Blueprint,/Game/PrimalEarth/Dinos/Rex/Rex_Character_BP.Rex_Character_BP_C,/Game/PrimalEarth/CoreBlueprints/Dino_Character_BP.Dino_Character_BP_C,/Script/ShooterGame.PrimalDinoCharacter,BPTYPE_Normal,EXTRACTED,HIGH,0,NOT_AVAILABLE,37,106,0,16,0,0,0,,,1,"[""has_descendants"",""referenced_by_assets"",""cross_domain_references""]"
/Game/PrimalEarth/Effects/Meshes/Basic/Sphere.Sphere,Sphere,/Script/Engine.StaticMesh,UNKNOWN,UNKNOWN,UNKNOWN,UNKNOWN,EXTRACTED,HIGH,0,NOT_AVAILABLE,0,144,0,16,0,0,0,,,1,"[""referenced_by_assets"",""cross_domain_references""]"
/Game/PrimalEarth/Human/Male/Human_Male_TPV.Human_Male_TPV,Human_Male_TPV,/Script/Engine.SkeletalMesh,UNKNOWN,UNKNOWN,UNKNOWN,UNKNOWN,EXTRACTED,HIGH,0,NOT_AVAILABLE,0,170,0,16,0,0,0,,,1,"[""referenced_by_assets"",""cross_domain_references""]"
/Game/PrimalEarth/Human/Male/Human_Male_TPV_Skeleton.Human_Male_TPV_Skeleton,Human_Male_TPV_Skeleton,/Script/Engine.Skeleton,UNKNOWN,UNKNOWN,UNKNOWN,UNKNOWN,EXTRACTED,HIGH,0,NOT_AVAILABLE,0,4078,0,16,0,0,0,,,1,"[""referenced_by_assets"",""cross_domain_references""]"
/Game/PrimalEarth/WeaponHatchet/Colorization/Hatchet_colorize_m_VT.Hatchet_colorize_m_VT,Hatchet_colorize_m_VT,/Script/Engine.Texture2D,UNKNOWN,UNKNOWN,UNKNOWN,UNKNOWN,EXTRACTED,HIGH,0,NOT_AVAILABLE,0,1057,0,16,0,0,0,,,1,"[""referenced_by_assets"",""cross_domain_references""]"
/Game/UltraDynamicSky/Textures/3D_Clouds/3D_Cells_32.3D_Cells_32,3D_Cells_32,/Script/Engine.VolumeTexture,UNKNOWN,UNKNOWN,UNKNOWN,UNKNOWN,EXTRACTED,HIGH,0,NOT_AVAILABLE,0,482,0,16,0,0,0,,,1,"[""referenced_by_assets"",""cross_domain_references""]"
/Game/UltraDynamicSky/Textures/Weather/Snow_masks.Snow_masks,Snow_masks,/Script/Engine.Texture2D,UNKNOWN,UNKNOWN,UNKNOWN,UNKNOWN,EXTRACTED,HIGH,0,NOT_AVAILABLE,0,2532,0,16,0,0,0,,,1,"[""referenced_by_assets"",""cross_domain_references""]"
/Niagara/DynamicInputs/Divide/Divide_Float.Divide_Float,Divide_Float,/Script/Niagara.NiagaraScript,UNKNOWN,UNKNOWN,UNKNOWN,UNKNOWN,EXTRACTED,HIGH,0,NOT_AVAILABLE,0,329,0,16,0,0,0,,,1,"[""referenced_by_assets"",""cross_domain_references""]"
/Niagara/DynamicInputs/TypeConversions/MakeVector.MakeVector,MakeVector,/Script/Niagara.NiagaraScript,UNKNOWN,UNKNOWN,UNKNOWN,UNKNOWN,EXTRACTED,HIGH,0,NOT_AVAILABLE,0,573,0,16,0,0,0,,,1,"[""referenced_by_assets"",""cross_domain_references""]"
/Niagara/DynamicInputs/TypeConversions/MakeVectorFromLinearColorRGB.MakeVectorFromLinearColorRGB,MakeVectorFromLinearColorRGB,/Script/Niagara.NiagaraScript,UNKNOWN,UNKNOWN,UNKNOWN,UNKNOWN,EXTRACTED,HIGH,0,NOT_AVAILABLE,0,711,0,16,0,0,0,,,1,"[""referenced_by_assets"",""cross_domain_references""]"
/Niagara/DynamicInputs/ValueFromCurve/ColorFromCurve.ColorFromCurve,ColorFromCurve,/Script/Niagara.NiagaraScript,UNKNOWN,UNKNOWN,UNKNOWN,UNKNOWN,EXTRACTED,HIGH,0,NOT_AVAILABLE,0,350,0,16,0,0,0,,,1,"[""referenced_by_assets"",""cross_domain_references""]"
/Niagara/Enums/ENiagaraMeshTransforms.ENiagaraMeshTransforms,ENiagaraMeshTransforms,/Script/Engine.UserDefinedEnum,UNKNOWN,UNKNOWN,UNKNOWN,UNKNOWN,EXTRACTED,HIGH,0,NOT_AVAILABLE,0,959,0,16,0,0,0,,,1,"[""referenced_by_assets"",""cross_domain_references""]"
/Niagara/Enums/ENiagara_SubUVLookupMode.ENiagara_SubUVLookupMode,ENiagara_SubUVLookupMode,/Script/Engine.UserDefinedEnum,UNKNOWN,UNKNOWN,UNKNOWN,UNKNOWN,EXTRACTED,HIGH,0,NOT_AVAILABLE,0,312,0,16,0,0,0,,,1,"[""referenced_by_assets"",""cross_domain_references""]"
/Niagara/Enums/Transforms/ENiagara_LWCConvertPosToVec.ENiagara_LWCConvertPosToVec,ENiagara_LWCConvertPosToVec,/Script/Engine.UserDefinedEnum,UNKNOWN,UNKNOWN,UNKNOWN,UNKNOWN,EXTRACTED,HIGH,0,NOT_AVAILABLE,0,518,0,16,0,0,0,,,1,"[""referenced_by_assets"",""cross_domain_references""]"
/Niagara/Enums/Transforms/ENiagara_LWCConvertVecToPos.ENiagara_LWCConvertVecToPos,ENiagara_LWCConvertVecToPos,/Script/Engine.UserDefinedEnum,UNKNOWN,UNKNOWN,UNKNOWN,UNKNOWN,EXTRACTED,HIGH,0,NOT_AVAILABLE,0,529,0,16,0,0,0,,,1,"[""referenced_by_assets"",""cross_domain_references""]"
/Niagara/Functions/V2/CalculateRandomRangeFloat.CalculateRandomRangeFloat,CalculateRandomRangeFloat,/Script/Niagara.NiagaraScript,UNKNOWN,UNKNOWN,UNKNOWN,UNKNOWN,EXTRACTED,HIGH,0,NOT_AVAILABLE,0,201,0,16,0,0,0,,,1,"[""referenced_by_assets"",""cross_domain_references""]"
/Niagara/Modules/Update/Forces/V2/CurlNoiseForce.CurlNoiseForce,CurlNoiseForce,/Script/Niagara.NiagaraScript,UNKNOWN,UNKNOWN,UNKNOWN,UNKNOWN,EXTRACTED,HIGH,0,NOT_AVAILABLE,0,1151,0,16,0,0,0,,,1,"[""referenced_by_assets"",""cross_domain_references""]"
/Niagara/Modules/Update/Size/ScaleMeshSize.ScaleMeshSize,ScaleMeshSize,/Script/Niagara.NiagaraScript,UNKNOWN,UNKNOWN,UNKNOWN,UNKNOWN,EXTRACTED,HIGH,0,NOT_AVAILABLE,0,646,0,16,0,0,0,,,1,"[""referenced_by_assets"",""cross_domain_references""]"
/Niagara/VectorFields/Assets/TilingCurl32.TilingCurl32,TilingCurl32,/Script/Engine.VectorFieldStatic,UNKNOWN,UNKNOWN,UNKNOWN,UNKNOWN,EXTRACTED,HIGH,0,NOT_AVAILABLE,0,766,0,16,0,0,0,,,1,"[""referenced_by_assets"",""cross_domain_references""]"
/Engine/EngineMaterials/DefaultParticle.DefaultParticle,DefaultParticle,/Script/Engine.Material,UNKNOWN,UNKNOWN,UNKNOWN,UNKNOWN,EXTRACTED,HIGH,0,NOT_AVAILABLE,0,502,0,15,0,0,0,,,1,"[""referenced_by_assets"",""cross_domain_references""]"
/Engine/EngineResources/Black_Low.Black,Black,/Script/Engine.Texture2D,UNKNOWN,UNKNOWN,UNKNOWN,UNKNOWN,EXTRACTED,HIGH,0,NOT_AVAILABLE,0,425,0,15,0,0,0,,,1,"[""referenced_by_assets"",""cross_domain_references""]"
/Engine/Functions/Engine_MaterialFunctions01/ImageAdjustment/3ColorBlend.3ColorBlend,3ColorBlend,/Script/Engine.MaterialFunction,UNKNOWN,UNKNOWN,UNKNOWN,UNKNOWN,EXTRACTED,HIGH,0,NOT_AVAILABLE,0,781,0,15,0,0,0,,,1,"[""referenced_by_assets"",""cross_domain_references""]"
/Engine/Functions/Engine_MaterialFunctions01/Vectors/RotateVector.RotateVector,RotateVector,/Script/Engine.MaterialFunction,UNKNOWN,UNKNOWN,UNKNOWN,UNKNOWN,EXTRACTED,HIGH,0,NOT_AVAILABLE,0,154,0,15,0,0,0,,,1,"[""referenced_by_assets"",""cross_domain_references""]"
/Engine/Functions/Engine_MaterialFunctions01/WorldPositionOffset/SimpleGrassWind.SimpleGrassWind,SimpleGrassWind,/Script/Engine.MaterialFunction,UNKNOWN,UNKNOWN,UNKNOWN,UNKNOWN,EXTRACTED,HIGH,0,NOT_AVAILABLE,0,65,0,15,0,0,0,,,1,"[""referenced_by_assets"",""cross_domain_references""]"
/Engine/Functions/Engine_MaterialFunctions02/PassThrough.PassThrough,PassThrough,/Script/Engine.MaterialFunction,UNKNOWN,UNKNOWN,UNKNOWN,UNKNOWN,EXTRACTED,HIGH,0,NOT_AVAILABLE,0,345,0,15,0,0,0,,,1,"[""referenced_by_assets"",""cross_domain_references""]"
/Engine/Functions/Engine_MaterialFunctions02/PivotPainter2/Black_1x1_EXR_Texture.Black_1x1_EXR_Texture,Black_1x1_EXR_Texture,/Script/Engine.Texture2D,UNKNOWN,UNKNOWN,UNKNOWN,UNKNOWN,EXTRACTED,HIGH,0,NOT_AVAILABLE,0,69,0,15,0,0,0,,,1,"[""referenced_by_assets"",""cross_domain_references""]"
/Engine/Functions/Engine_MaterialFunctions02/UVs/BoundingBoxBased_0-1_UVW.BoundingBoxBased_0-1_UVW,BoundingBoxBased_0-1_UVW,/Script/Engine.MaterialFunction,UNKNOWN,UNKNOWN,UNKNOWN,UNKNOWN,EXTRACTED,HIGH,0,NOT_AVAILABLE,0,75,0,15,0,0,0,,,1,"[""referenced_by_assets"",""cross_domain_references""]"
/Engine/MaterialTemplates/Textures/T_Noise01.T_Noise01,T_Noise01,/Script/Engine.Texture2D,UNKNOWN,UNKNOWN,UNKNOWN,UNKNOWN,EXTRACTED,HIGH,0,NOT_AVAILABLE,0,360,0,15,0,0,0,,,1,"[""referenced_by_assets"",""cross_domain_references""]"
/Game/ASA/CoreMaterials/DefaultTextures/T_Flat_Normal_VT.T_Flat_Normal_VT,T_Flat_Normal_VT,/Script/Engine.Texture2D,UNKNOWN,UNKNOWN,UNKNOWN,UNKNOWN,EXTRACTED,HIGH,0,NOT_AVAILABLE,0,3025,0,15,0,0,0,,,1,"[""referenced_by_assets"",""cross_domain_references""]"
/Game/OldAssets/Sounds/SoundClassesAndMixes/Music.Music,Music,/Script/Engine.SoundClass,UNKNOWN,UNKNOWN,UNKNOWN,UNKNOWN,EXTRACTED,HIGH,0,NOT_AVAILABLE,0,350,0,15,0,0,0,,,1,"[""referenced_by_assets"",""cross_domain_references""]"
/Game/OldAssets/UI/HUD/SansationBold18.SansationBold18,SansationBold18,/Script/Engine.Font,UNKNOWN,UNKNOWN,UNKNOWN,UNKNOWN,EXTRACTED,HIGH,0,NOT_AVAILABLE,0,192,0,15,0,0,0,,,1,"[""referenced_by_assets"",""cross_domain_references""]"
/Game/PrimalEarth/CoreBlueprints/CompressionSettings/DeathBoneCompressionSettings.DeathBoneCompressionSettings,DeathBoneCompressionSettings,/Script/Engine.AnimBoneCompressionSettings,UNKNOWN,UNKNOWN,UNKNOWN,UNKNOWN,EXTRACTED,HIGH,0,NOT_AVAILABLE,0,2951,0,15,0,0,0,,,1,"[""referenced_by_assets"",""cross_domain_references""]"
/Game/PrimalEarth/CoreBlueprints/ControlRig/ASA_FunctionLibrary.ASA_FunctionLibrary,ASA_FunctionLibrary,/Script/ControlRigDeveloper.ControlRigBlueprint,/Game/PrimalEarth/CoreBlueprints/ControlRig/ASA_FunctionLibrary.ASA_FunctionLibrary_C,/Script/ControlRig.ControlRig,/Script/ControlRig.ControlRig,BPTYPE_Normal,EXTRACTED,HIGH,0,NOT_AVAILABLE,0,412,0,15,0,0,0,,,1,"[""referenced_by_assets"",""cross_domain_references"",""global_entry_name_hint_low_confidence""]"
/Game/PrimalEarth/CoreBlueprints/Inventories/PrimalInventoryBP_SupplyCrate.PrimalInventoryBP_SupplyCrate,PrimalInventoryBP_SupplyCrate,/Script/Engine.Blueprint,/Game/PrimalEarth/CoreBlueprints/Inventories/PrimalInventoryBP_SupplyCrate.PrimalInventoryBP_SupplyCrate_C,/Script/ShooterGame.PrimalInventoryComponent,/Script/ShooterGame.PrimalInventoryComponent,BPTYPE_Normal,EXTRACTED,HIGH,0,NOT_AVAILABLE,1,163,0,15,0,0,0,,,1,"[""has_descendants"",""referenced_by_assets"",""cross_domain_references""]"
/Game/PrimalEarth/CoreBlueprints/InvisMat.InvisMat,InvisMat,/Script/Engine.Material,UNKNOWN,UNKNOWN,UNKNOWN,UNKNOWN,EXTRACTED,HIGH,0,NOT_AVAILABLE,0,121,0,15,0,0,0,,,1,"[""referenced_by_assets"",""cross_domain_references""]"
/Game/PrimalEarth/CoreBlueprints/PlayerPawnTest.PlayerPawnTest,PlayerPawnTest,/Script/Engine.Blueprint,/Game/PrimalEarth/CoreBlueprints/PlayerPawnTest.PlayerPawnTest_C,/Script/ShooterGame.ShooterCharacter,/Script/ShooterGame.ShooterCharacter,BPTYPE_Normal,EXTRACTED,HIGH,0,NOT_AVAILABLE,8,96,0,15,0,0,0,,,1,"[""has_descendants"",""referenced_by_assets"",""cross_domain_references""]"
/Game/PrimalEarth/CoreBlueprints/PlayerPawnTest_Female.PlayerPawnTest_Female,PlayerPawnTest_Female,/Script/Engine.Blueprint,/Game/PrimalEarth/CoreBlueprints/PlayerPawnTest_Female.PlayerPawnTest_Female_C,/Game/PrimalEarth/CoreBlueprints/PlayerPawnTest_Child.PlayerPawnTest_Child_C,/Script/ShooterGame.ShooterCharacter,BPTYPE_Normal,EXTRACTED,HIGH,0,NOT_AVAILABLE,2,674,0,15,0,0,0,,,1,"[""has_descendants"",""referenced_by_assets"",""cross_domain_references""]"
/Game/PrimalEarth/CoreMaterials/Functions/Colorization/Ark-Colorization_6Channel_VT.Ark-Colorization_6Channel_VT,Ark-Colorization_6Channel_VT,/Script/Engine.MaterialFunction,UNKNOWN,UNKNOWN,UNKNOWN,UNKNOWN,EXTRACTED,HIGH,0,NOT_AVAILABLE,0,656,0,15,0,0,0,,,1,"[""referenced_by_assets"",""cross_domain_references""]"
/Game/PrimalEarth/Dinos/Ankylo/Ankylo_Character_BP.Ankylo_Character_BP,Ankylo_Character_BP,/Script/Engine.Blueprint,/Game/PrimalEarth/Dinos/Ankylo/Ankylo_Character_BP.Ankylo_Character_BP_C,/Game/PrimalEarth/CoreBlueprints/Dino_Character_BP.Dino_Character_BP_C,/Script/ShooterGame.PrimalDinoCharacter,BPTYPE_Normal,EXTRACTED,HIGH,0,NOT_AVAILABLE,7,78,0,15,0,0,0,,,1,"[""has_descendants"",""referenced_by_assets"",""cross_domain_references""]"
/Game/PrimalEarth/Dinos/Direwolf/Direwolf_Character_BP.Direwolf_Character_BP,Direwolf_Character_BP,/Script/Engine.Blueprint,/Game/PrimalEarth/Dinos/Direwolf/Direwolf_Character_BP.Direwolf_Character_BP_C,/Game/PrimalEarth/CoreBlueprints/Dino_Character_BP_Pack.Dino_Character_BP_Pack_C,/Script/ShooterGame.PrimalDinoCharacter,BPTYPE_Normal,EXTRACTED,HIGH,0,NOT_AVAILABLE,16,51,0,15,0,0,0,,,1,"[""has_descendants"",""referenced_by_assets"",""cross_domain_references""]"
/Game/PrimalEarth/Dinos/Dodo/Dodo_Character_BP.Dodo_Character_BP,Dodo_Character_BP,/Script/Engine.Blueprint,/Game/PrimalEarth/Dinos/Dodo/Dodo_Character_BP.Dodo_Character_BP_C,/Game/PrimalEarth/CoreBlueprints/Dino_Character_BP.Dino_Character_BP_C,/Script/ShooterGame.PrimalDinoCharacter,BPTYPE_Normal,EXTRACTED,HIGH,0,NOT_AVAILABLE,14,102,0,15,0,0,0,,,1,"[""has_descendants"",""referenced_by_assets"",""cross_domain_references""]"
/Game/PrimalEarth/Dinos/Saber/Saber_Character_BP.Saber_Character_BP,Saber_Character_BP,/Script/Engine.Blueprint,/Game/PrimalEarth/Dinos/Saber/Saber_Character_BP.Saber_Character_BP_C,/Game/PrimalEarth/CoreBlueprints/Dino_Character_BP.Dino_Character_BP_C,/Script/ShooterGame.PrimalDinoCharacter,BPTYPE_Normal,EXTRACTED,HIGH,0,NOT_AVAILABLE,12,56,0,15,0,0,0,,,1,"[""has_descendants"",""referenced_by_assets"",""cross_domain_references""]"
/Game/PrimalEarth/Dinos/Stego/Stego_Character_BP.Stego_Character_BP,Stego_Character_BP,/Script/Engine.Blueprint,/Game/PrimalEarth/Dinos/Stego/Stego_Character_BP.Stego_Character_BP_C,/Game/PrimalEarth/CoreBlueprints/Dino_Character_BP.Dino_Character_BP_C,/Script/ShooterGame.PrimalDinoCharacter,BPTYPE_Normal,EXTRACTED,HIGH,0,NOT_AVAILABLE,17,126,0,15,0,0,0,,,1,"[""has_descendants"",""referenced_by_assets"",""cross_domain_references""]"
/Game/PrimalEarth/Effects/Textures/Generic/Noise_Soft_1024.Noise_Soft_1024,Noise_Soft_1024,/Script/Engine.Texture2D,UNKNOWN,UNKNOWN,UNKNOWN,UNKNOWN,EXTRACTED,HIGH,0,NOT_AVAILABLE,0,114,0,15,0,0,0,,,1,"[""referenced_by_assets"",""cross_domain_references""]"
/Game/PrimalEarth/Effects/Textures/Generic/cloudNoise_Soft_VDM.cloudNoise_Soft_VDM,cloudNoise_Soft_VDM,/Script/Engine.Texture2D,UNKNOWN,UNKNOWN,UNKNOWN,UNKNOWN,EXTRACTED,HIGH,0,NOT_AVAILABLE,0,281,0,15,0,0,0,,,1,"[""referenced_by_assets"",""cross_domain_references""]"
/Game/PrimalEarth/General/GreyTexture_Masks_VT.GreyTexture_Masks_VT,GreyTexture_Masks_VT,/Script/Engine.Texture2D,UNKNOWN,UNKNOWN,UNKNOWN,UNKNOWN,EXTRACTED,HIGH,0,NOT_AVAILABLE,0,745,0,15,0,0,0,,,1,"[""referenced_by_assets"",""cross_domain_references""]"
/Game/PrimalEarth/Human/Male/Animations/TPV_NoWeapon_Dismount_Montage.TPV_NoWeapon_Dismount_Montage,TPV_NoWeapon_Dismount_Montage,/Script/Engine.AnimMontage,UNKNOWN,UNKNOWN,UNKNOWN,UNKNOWN,EXTRACTED,HIGH,0,NOT_AVAILABLE,0,141,0,15,0,0,0,,,1,"[""referenced_by_assets"",""cross_domain_references""]"
/Game/PrimalEarth/Human/Male/Animations/TPV_NoWeapon_Mount_Montage.TPV_NoWeapon_Mount_Montage,TPV_NoWeapon_Mount_Montage,/Script/Engine.AnimMontage,UNKNOWN,UNKNOWN,UNKNOWN,UNKNOWN,EXTRACTED,HIGH,0,NOT_AVAILABLE,0,141,0,15,0,0,0,,,1,"[""referenced_by_assets"",""cross_domain_references""]"
/Game/PrimalEarth/Sound/Attenuation/Medium.Medium,Medium,/Script/Engine.SoundAttenuation,UNKNOWN,UNKNOWN,UNKNOWN,UNKNOWN,EXTRACTED,HIGH,0,NOT_AVAILABLE,0,1159,0,15,0,0,0,,,1,"[""referenced_by_assets"",""cross_domain_references""]"
/Game/PrimalEarth/Sound/Attenuation/Small.Small,Small,/Script/Engine.SoundAttenuation,UNKNOWN,UNKNOWN,UNKNOWN,UNKNOWN,EXTRACTED,HIGH,0,NOT_AVAILABLE,0,1567,0,15,0,0,0,,,1,"[""referenced_by_assets"",""cross_domain_references""]"
/Game/PrimalEarth/Sound/Attenuation/Smaller.Smaller,Smaller,/Script/Engine.SoundAttenuation,UNKNOWN,UNKNOWN,UNKNOWN,UNKNOWN,EXTRACTED,HIGH,0,NOT_AVAILABLE,0,2465,0,15,0,0,0,,,1,"[""referenced_by_assets"",""cross_domain_references""]"
/Game/PrimalEarth/VT_Landscape.VT_Landscape,VT_Landscape,/Script/Engine.RuntimeVirtualTexture,UNKNOWN,UNKNOWN,UNKNOWN,UNKNOWN,EXTRACTED,HIGH,0,NOT_AVAILABLE,0,914,0,15,0,0,0,,,1,"[""referenced_by_assets"",""cross_domain_references""]"
/Game/SplatterDecals/Materials/M_Blood_Splatter_04_Inst.M_Blood_Splatter_04_Inst,M_Blood_Splatter_04_Inst,/Script/Engine.MaterialInstanceConstant,UNKNOWN,UNKNOWN,UNKNOWN,UNKNOWN,EXTRACTED,HIGH,0,NOT_AVAILABLE,0,184,0,15,0,0,0,,,1,"[""referenced_by_assets"",""cross_domain_references""]"
/Game/Test/Ethan/TestRagdollRecord/BPU_RagdollCapturePresetStruct.BPU_RagdollCapturePresetStruct,BPU_RagdollCapturePresetStruct,/Script/Engine.UserDefinedStruct,UNKNOWN,UNKNOWN,UNKNOWN,UNKNOWN,EXTRACTED,HIGH,0,NOT_AVAILABLE,0,199,0,15,0,0,0,,,1,"[""referenced_by_assets"",""cross_domain_references""]"
/Niagara/DynamicInputs/Add/Add_Float.Add_Float,Add_Float,/Script/Niagara.NiagaraScript,UNKNOWN,UNKNOWN,UNKNOWN,UNKNOWN,EXTRACTED,HIGH,0,NOT_AVAILABLE,0,485,0,15,0,0,0,,,1,"[""referenced_by_assets"",""cross_domain_references""]"
/Niagara/DynamicInputs/Lerp/Lerp_Float.Lerp_Float,Lerp_Float,/Script/Niagara.NiagaraScript,UNKNOWN,UNKNOWN,UNKNOWN,UNKNOWN,EXTRACTED,HIGH,0,NOT_AVAILABLE,0,585,0,15,0,0,0,,,1,"[""referenced_by_assets"",""cross_domain_references""]"
/Niagara/DynamicInputs/Lerp/Lerp_Vector.Lerp_Vector,Lerp_Vector,/Script/Niagara.NiagaraScript,UNKNOWN,UNKNOWN,UNKNOWN,UNKNOWN,EXTRACTED,HIGH,0,NOT_AVAILABLE,0,340,0,15,0,0,0,,,1,"[""referenced_by_assets"",""cross_domain_references""]"
/Niagara/DynamicInputs/LinearColor/MultiplyLinearColor.MultiplyLinearColor,MultiplyLinearColor,/Script/Niagara.NiagaraScript,UNKNOWN,UNKNOWN,UNKNOWN,UNKNOWN,EXTRACTED,HIGH,0,NOT_AVAILABLE,0,330,0,15,0,0,0,,,1,"[""referenced_by_assets"",""cross_domain_references""]"
/Niagara/DynamicInputs/Transforms/ConvertPositionToVector.ConvertPositionToVector,ConvertPositionToVector,/Script/Niagara.NiagaraScript,UNKNOWN,UNKNOWN,UNKNOWN,UNKNOWN,EXTRACTED,HIGH,0,NOT_AVAILABLE,0,521,0,15,0,0,0,,,1,"[""referenced_by_assets"",""cross_domain_references""]"
/Niagara/DynamicInputs/Transforms/ConvertVectorToPosition.ConvertVectorToPosition,ConvertVectorToPosition,/Script/Niagara.NiagaraScript,UNKNOWN,UNKNOWN,UNKNOWN,UNKNOWN,EXTRACTED,HIGH,0,NOT_AVAILABLE,0,529,0,15,0,0,0,,,1,"[""referenced_by_assets"",""cross_domain_references""]"
/Niagara/DynamicInputs/TypeConversions/MakeCustomIntFromBool.MakeCustomIntFromBool,MakeCustomIntFromBool,/Script/Niagara.NiagaraScript,UNKNOWN,UNKNOWN,UNKNOWN,UNKNOWN,EXTRACTED,HIGH,0,NOT_AVAILABLE,0,282,0,15,0,0,0,,,1,"[""referenced_by_assets"",""cross_domain_references""]"
/Niagara/DynamicInputs/UniformRange/V2/RandomRangeVector2D.RandomRangeVector2D,RandomRangeVector2D,/Script/Niagara.NiagaraScript,UNKNOWN,UNKNOWN,UNKNOWN,UNKNOWN,EXTRACTED,HIGH,0,NOT_AVAILABLE,0,450,0,15,0,0,0,,,1,"[""referenced_by_assets"",""cross_domain_references""]"
/Niagara/Enums/ENiagaraMeshOrSprite.ENiagaraMeshOrSprite,ENiagaraMeshOrSprite,/Script/Engine.UserDefinedEnum,UNKNOWN,UNKNOWN,UNKNOWN,UNKNOWN,EXTRACTED,HIGH,0,NOT_AVAILABLE,0,818,0,15,0,0,0,,,1,"[""referenced_by_assets"",""cross_domain_references""]"
/Niagara/Enums/ENiagara_SubUVLookupModeV2.ENiagara_SubUVLookupModeV2,ENiagara_SubUVLookupModeV2,/Script/Engine.UserDefinedEnum,UNKNOWN,UNKNOWN,UNKNOWN,UNKNOWN,EXTRACTED,HIGH,0,NOT_AVAILABLE,0,818,0,15,0,0,0,,,1,"[""referenced_by_assets"",""cross_domain_references""]"
